rank,title,artist,year,cover_url,spotify_url,apple_music_url,external_ids
1,What’s Going On,Marvin Gaye,1971,https://coverartarchive.org/release-group/c1fa4d2c-ec62-37d5-b01d-6df7f8fd2c90/front-500,,https://music.apple.com/us/album/whats-going-on/1538081586,"{""musicbrainz_release_group"":""c1fa4d2c-ec62-37d5-b01d-6df7f8fd2c90"",""musicbrainz_series"":""6a4b53b9-2756-4afe-93f2-306039d41910""}"
2,Pet Sounds,The Beach Boys,1966,https://coverartarchive.org/release-group/fdd96703-7b21-365e-bdea-38029fbeb84e/front-500,,https://music.apple.com/us/album/pet-sounds/1440841241,"{""musicbrainz_release_group"":""fdd96703-7b21-365e-bdea-38029fbeb84e"",""musicbrainz_series"":""6a4b53b9-2756-4afe-93f2-306039d41910""}"
3,Blue,Joni Mitchell,1971,https://coverartarchive.org/release-group/42d725fb-a8b7-388c-8866-3b02789af326/front-500,,https://music.apple.com/us/album/blue/1492263092,"{""musicbrainz_release_group"":""42d725fb-a8b7-388c-8866-3b02789af326"",""musicbrainz_series"":""6a4b53b9-2756-4afe-93f2-306039d41910""}"
4,Songs in the Key of Life,Stevie Wonder,1976,https://coverartarchive.org/release-group/ea88b09b-fd34-33cf-a3e5-25a3a2fb4c6f/front-500,,https://music.apple.com/us/album/songs-in-the-key-of-life/1440788438,"{""musicbrainz_release_group"":""ea88b09b-fd34-33cf-a3e5-25a3a2fb4c6f"",""musicbrainz_series"":""6a4b53b9-2756-4afe-93f2-306039d41910""}"
5,Abbey Road,The Beatles,1969,https://coverartarchive.org/release-group/9162580e-5df4-32de-80cc-f45a8d8a9b1d/front-500,,https://music.apple.com/us/album/abbey-road-remastered/1441164426,"{""musicbrainz_release_group"":""9162580e-5df4-32de-80cc-f45a8d8a9b1d"",""musicbrainz_series"":""6a4b53b9-2756-4afe-93f2-306039d41910""}"
6,Nevermind,Nirvana,1991,https://coverartarchive.org/release-group/1b022e01-4da6-387b-8658-8678046e4cef/front-500,,,"{""musicbrainz_release_group"":""1b022e01-4da6-387b-8658-8678046e4cef"",""musicbrainz_series"":""6a4b53b9-2756-4afe-93f2-306039d41910""}"
7,Rumours,Fleetwood Mac,1977,https://coverartarchive.org/release-group/416bb5e5-c7d1-3977-8fd7-7c9daf6c2be6/front-500,,https://music.apple.com/us/album/rumours/594061854,"{""musicbrainz_release_group"":""416bb5e5-c7d1-3977-8fd7-7c9daf6c2be6"",""musicbrainz_series"":""6a4b53b9-2756-4afe-93f2-306039d41910""}"
8,Purple Rain,Prince and The Revolution,1984,https://coverartarchive.org/release-group/b93a7c47-a6d4-33f2-9034-53fdd991f4ba/front-500,,https://music.apple.com/us/album/purple-rain/1746833068,"{""musicbrainz_release_group"":""b93a7c47-a6d4-33f2-9034-53fdd991f4ba"",""musicbrainz_series"":""6a4b53b9-2756-4afe-93f2-306039d41910""}"
9,Blood on the Tracks,Bob Dylan,1975,https://coverartarchive.org/release-group/9c1b8072-eb1d-33d2-af8c-984d46e40902/front-500,,https://music.apple.com/us/album/blood-on-the-tracks/158320766,"{""musicbrainz_release_group"":""9c1b8072-eb1d-33d2-af8c-984d46e40902"",""musicbrainz_series"":""6a4b53b9-2756-4afe-93f2-306039d41910""}"
10,The Miseducation of Lauryn Hill,Lauryn Hill,1998,https://coverartarchive.org/release-group/8691d12c-abd8-385c-b1eb-d841190124f7/front-500,,https://music.apple.com/us/album/the-miseducation-of-lauryn-hill/1276760743,"{""musicbrainz_release_group"":""8691d12c-abd8-385c-b1eb-d841190124f7"",""musicbrainz_series"":""6a4b53b9-2756-4afe-93f2-306039d41910""}"
11,Revolver,The Beatles,1966,https://coverartarchive.org/release-group/72d15666-99a7-321e-b1f3-a3f8c09dff9f/front-500,,https://music.apple.com/us/album/revolver/1441164670,"{""musicbrainz_release_group"":""72d15666-99a7-321e-b1f3-a3f8c09dff9f"",""musicbrainz_series"":""6a4b53b9-2756-4afe-93f2-306039d41910""}"
12,Thriller,Michael Jackson,1982,https://coverartarchive.org/release-group/f32fab67-77dd-3937-addc-9062e28e4c37/front-500,,https://music.apple.com/us/album/thriller/269572838,"{""musicbrainz_release_group"":""f32fab67-77dd-3937-addc-9062e28e4c37"",""musicbrainz_series"":""6a4b53b9-2756-4afe-93f2-306039d41910""}"
13,I Never Loved a Man the Way I Love You,Aretha Franklin,1967,https://coverartarchive.org/release-group/7d8f07a7-4c64-3afb-8daf-8f1d4df89a78/front-500,,https://music.apple.com/us/album/i-never-loved-a-man-the-way-i-love-you/937107826,"{""musicbrainz_release_group"":""7d8f07a7-4c64-3afb-8daf-8f1d4df89a78"",""musicbrainz_series"":""6a4b53b9-2756-4afe-93f2-306039d41910""}"
14,Exile on Main St.,The Rolling Stones,1972,https://coverartarchive.org/release-group/4838a3c9-fd2b-30a5-83eb-e32545b5d7fc/front-500,,,"{""musicbrainz_release_group"":""4838a3c9-fd2b-30a5-83eb-e32545b5d7fc"",""musicbrainz_series"":""6a4b53b9-2756-4afe-93f2-306039d41910""}"
15,It Takes a Nation of Millions to Hold Us Back,Public Enemy,1988,https://coverartarchive.org/release-group/01921d99-9d15-3fce-8734-46e58327cfb7/front-500,,,"{""musicbrainz_release_group"":""01921d99-9d15-3fce-8734-46e58327cfb7"",""musicbrainz_series"":""6a4b53b9-2756-4afe-93f2-306039d41910""}"
16,London Calling,The Clash,1979,https://coverartarchive.org/release-group/8d73e45e-7ca1-3cb4-ae28-6da76196c17c/front-500,,https://music.apple.com/us/album/london-calling-expanded-edition/267986379,"{""musicbrainz_release_group"":""8d73e45e-7ca1-3cb4-ae28-6da76196c17c"",""musicbrainz_series"":""6a4b53b9-2756-4afe-93f2-306039d41910""}"
17,My Beautiful Dark Twisted Fantasy,Kanye West,2010,https://coverartarchive.org/release-group/5d6e21e1-deb5-428e-bb42-c2a567f3619b/front-500,,https://music.apple.com/us/album/my-beautiful-dark-twisted-fantasy/1443160553,"{""musicbrainz_release_group"":""5d6e21e1-deb5-428e-bb42-c2a567f3619b"",""musicbrainz_series"":""6a4b53b9-2756-4afe-93f2-306039d41910""}"
18,Highway 61 Revisited,Bob Dylan,1965,https://coverartarchive.org/release-group/fb48b1dc-412f-36aa-8820-1023c08c46c6/front-500,,https://music.apple.com/us/album/highway-61-revisited/201281514,"{""musicbrainz_release_group"":""fb48b1dc-412f-36aa-8820-1023c08c46c6"",""musicbrainz_series"":""6a4b53b9-2756-4afe-93f2-306039d41910""}"
19,To Pimp a Butterfly,Kendrick Lamar,2015,https://coverartarchive.org/release-group/d9103c72-3807-4378-9ce7-b6f3e8fdd547/front-500,,https://music.apple.com/us/album/to-pimp-a-butterfly/1440871877,"{""musicbrainz_release_group"":""d9103c72-3807-4378-9ce7-b6f3e8fdd547"",""musicbrainz_series"":""6a4b53b9-2756-4afe-93f2-306039d41910""}"
20,Kid A,Radiohead,2000,https://coverartarchive.org/release-group/e75c0549-ad55-39e3-8025-c72c5d4a3c5d/front-500,,https://music.apple.com/us/album/kid-a/1097862870,"{""musicbrainz_release_group"":""e75c0549-ad55-39e3-8025-c72c5d4a3c5d"",""musicbrainz_series"":""6a4b53b9-2756-4afe-93f2-306039d41910""}"
21,Born to Run,Bruce Springsteen,1975,https://coverartarchive.org/release-group/39b22944-7503-3937-8bba-09b17281cc6a/front-500,,https://music.apple.com/us/album/born-to-run/310730204,"{""musicbrainz_release_group"":""39b22944-7503-3937-8bba-09b17281cc6a"",""musicbrainz_series"":""6a4b53b9-2756-4afe-93f2-306039d41910""}"
22,Ready to Die,The Notorious B.I.G.,1994,https://coverartarchive.org/release-group/5afcfeac-118a-35e6-af0d-35ec9003354d/front-500,,https://music.apple.com/us/album/ready-to-die-the-remaster/204669415,"{""musicbrainz_release_group"":""5afcfeac-118a-35e6-af0d-35ec9003354d"",""musicbrainz_series"":""6a4b53b9-2756-4afe-93f2-306039d41910""}"
23,The Velvet Underground & Nico,The Velvet Underground & Nico,1967,https://coverartarchive.org/release-group/5cbd9d7b-597a-3c5e-bfd1-c2b364215560/front-500,,https://music.apple.com/us/album/the-velvet-underground-nico-45th-anniversary-edition/1440851613,"{""musicbrainz_release_group"":""5cbd9d7b-597a-3c5e-bfd1-c2b364215560"",""musicbrainz_series"":""6a4b53b9-2756-4afe-93f2-306039d41910""}"
24,Sgt. Pepper’s Lonely Hearts Club Band,The Beatles,1967,https://coverartarchive.org/release-group/9f7a4c28-8fa2-3113-929c-c47a9f7982c3/front-500,,https://music.apple.com/us/album/sgt-peppers-lonely-hearts-club-band/1441164604,"{""musicbrainz_release_group"":""9f7a4c28-8fa2-3113-929c-c47a9f7982c3"",""musicbrainz_series"":""6a4b53b9-2756-4afe-93f2-306039d41910""}"
25,Tapestry,Carole King,1971,https://coverartarchive.org/release-group/6e4f39e6-3403-39d7-81c6-8e61a990d509/front-500,,https://music.apple.com/us/album/tapestry/747087657,"{""musicbrainz_release_group"":""6e4f39e6-3403-39d7-81c6-8e61a990d509"",""musicbrainz_series"":""6a4b53b9-2756-4afe-93f2-306039d41910""}"
26,Horses,Patti Smith,1975,https://coverartarchive.org/release-group/ff8f533c-3cb3-3877-9209-11f433edaad2/front-500,,https://music.apple.com/us/album/horses/1038568061,"{""musicbrainz_release_group"":""ff8f533c-3cb3-3877-9209-11f433edaad2"",""musicbrainz_series"":""6a4b53b9-2756-4afe-93f2-306039d41910""}"
27,Enter the Wu‐Tang (36 Chambers),Wu‐Tang Clan,1993,https://coverartarchive.org/release-group/610fb60f-900a-3c42-ac7d-f6b6aa8035f9/front-500,,https://music.apple.com/us/album/enter-the-wu-tang-36-chambers/1746566237,"{""musicbrainz_release_group"":""610fb60f-900a-3c42-ac7d-f6b6aa8035f9"",""musicbrainz_series"":""6a4b53b9-2756-4afe-93f2-306039d41910""}"
28,Voodoo,D’Angelo,2000,https://coverartarchive.org/release-group/9605c075-c64c-366b-ad7f-ec98523fc162/front-500,,https://music.apple.com/us/album/voodoo/1443829916,"{""musicbrainz_release_group"":""9605c075-c64c-366b-ad7f-ec98523fc162"",""musicbrainz_series"":""6a4b53b9-2756-4afe-93f2-306039d41910""}"
29,The Beatles,The Beatles,1968,https://coverartarchive.org/release-group/055be730-dcad-31bf-b550-45ba9c202aa3/front-500,,https://music.apple.com/us/album/the-beatles-the-white-album/1441133180,"{""musicbrainz_release_group"":""055be730-dcad-31bf-b550-45ba9c202aa3"",""musicbrainz_series"":""6a4b53b9-2756-4afe-93f2-306039d41910""}"
30,Are You Experienced,The Jimi Hendrix Experience,1967,https://coverartarchive.org/release-group/da40e720-2097-3730-8a7f-0c2ddbff4a96/front-500,,https://music.apple.com/us/album/are-you-experienced-deluxe-version/357225315,"{""musicbrainz_release_group"":""da40e720-2097-3730-8a7f-0c2ddbff4a96"",""musicbrainz_series"":""6a4b53b9-2756-4afe-93f2-306039d41910""}"
31,Kind of Blue,Miles Davis,1959,https://coverartarchive.org/release-group/8e8a594f-2175-38c7-a871-abb68ec363e7/front-500,,https://music.apple.com/us/album/kind-of-blue/268443092,"{""musicbrainz_release_group"":""8e8a594f-2175-38c7-a871-abb68ec363e7"",""musicbrainz_series"":""6a4b53b9-2756-4afe-93f2-306039d41910""}"
32,Lemonade,Beyoncé,2016,https://coverartarchive.org/release-group/c1f22e07-7bdf-4a4f-8b50-7747c1091ef6/front-500,,https://music.apple.com/us/album/lemonade/1460432013,"{""musicbrainz_release_group"":""c1f22e07-7bdf-4a4f-8b50-7747c1091ef6"",""musicbrainz_series"":""6a4b53b9-2756-4afe-93f2-306039d41910""}"
33,Back to Black,Amy Winehouse,2006,https://coverartarchive.org/release-group/6eac2e57-ee50-36f8-b0c4-c4c847a2c098/front-500,,https://music.apple.com/us/album/back-to-black/1440856219,"{""musicbrainz_release_group"":""6eac2e57-ee50-36f8-b0c4-c4c847a2c098"",""musicbrainz_series"":""6a4b53b9-2756-4afe-93f2-306039d41910""}"
34,Innervisions,Stevie Wonder,1973,https://coverartarchive.org/release-group/e626b377-74c5-3b97-8f16-8cef5e1c04ea/front-500,,https://music.apple.com/us/album/innervisions/1440806790,"{""musicbrainz_release_group"":""e626b377-74c5-3b97-8f16-8cef5e1c04ea"",""musicbrainz_series"":""6a4b53b9-2756-4afe-93f2-306039d41910""}"
35,Rubber Soul,The Beatles,1965,https://coverartarchive.org/release-group/dca03435-8adb-30a5-ba82-5a162267ff38/front-500,,https://music.apple.com/us/album/rubber-soul/1441164359,"{""musicbrainz_release_group"":""dca03435-8adb-30a5-ba82-5a162267ff38"",""musicbrainz_series"":""6a4b53b9-2756-4afe-93f2-306039d41910""}"
36,Off the Wall,Michael Jackson,1979,https://coverartarchive.org/release-group/ee749c63-5699-38e0-b565-7e84414648d9/front-500,,https://music.apple.com/us/album/off-the-wall/186166282,"{""musicbrainz_release_group"":""ee749c63-5699-38e0-b565-7e84414648d9"",""musicbrainz_series"":""6a4b53b9-2756-4afe-93f2-306039d41910""}"
37,The Chronic,Dr. Dre,1992,https://coverartarchive.org/release-group/ad444843-7160-33d7-b0c9-fc99f2c14a99/front-500,,,"{""musicbrainz_release_group"":""ad444843-7160-33d7-b0c9-fc99f2c14a99"",""musicbrainz_series"":""6a4b53b9-2756-4afe-93f2-306039d41910""}"
38,Blonde on Blonde,Bob Dylan,1966,https://coverartarchive.org/release-group/329fb554-2a81-3d8a-8e22-ec2c66810019/front-500,,https://music.apple.com/us/album/blonde-on-blonde/178049863,"{""musicbrainz_release_group"":""329fb554-2a81-3d8a-8e22-ec2c66810019"",""musicbrainz_series"":""6a4b53b9-2756-4afe-93f2-306039d41910""}"
39,Remain in Light,Talking Heads,1980,https://coverartarchive.org/release-group/f6b1b900-6108-32f0-abbd-2855af9151eb/front-500,,https://music.apple.com/us/album/remain-in-light/300948043,"{""musicbrainz_release_group"":""f6b1b900-6108-32f0-abbd-2855af9151eb"",""musicbrainz_series"":""6a4b53b9-2756-4afe-93f2-306039d41910""}"
40,The Rise and Fall of Ziggy Stardust and the Spiders From Mars,David Bowie,1972,https://coverartarchive.org/release-group/6c9ae3dd-32ad-472c-96be-69d0a3536261/front-500,,https://music.apple.com/us/album/the-rise-and-fall-of-ziggy-stardust-and-the/1039796877,"{""musicbrainz_release_group"":""6c9ae3dd-32ad-472c-96be-69d0a3536261"",""musicbrainz_series"":""6a4b53b9-2756-4afe-93f2-306039d41910""}"
41,Let It Bleed,The Rolling Stones,1969,https://coverartarchive.org/release-group/784c0edd-0f37-33a2-9ca5-dff87b4f999c/front-500,,https://music.apple.com/us/album/let-it-bleed-remastered-2019/1500642838,"{""musicbrainz_release_group"":""784c0edd-0f37-33a2-9ca5-dff87b4f999c"",""musicbrainz_series"":""6a4b53b9-2756-4afe-93f2-306039d41910""}"
42,OK Computer,Radiohead,1997,https://coverartarchive.org/release-group/b1392450-e666-3926-a536-22c65f834433/front-500,,https://music.apple.com/us/album/ok-computer/1097861387,"{""musicbrainz_release_group"":""b1392450-e666-3926-a536-22c65f834433"",""musicbrainz_series"":""6a4b53b9-2756-4afe-93f2-306039d41910""}"
43,The Low End Theory,A Tribe Called Quest,1991,https://coverartarchive.org/release-group/c3733436-fcba-3c08-b082-d548df5c5139/front-500,,,"{""musicbrainz_release_group"":""c3733436-fcba-3c08-b082-d548df5c5139"",""musicbrainz_series"":""6a4b53b9-2756-4afe-93f2-306039d41910""}"
44,Illmatic,Nas,1994,https://coverartarchive.org/release-group/28298e2c-4d70-3eed-a0f5-a3280c662b3d/front-500,,https://music.apple.com/us/album/illmatic/856131729,"{""musicbrainz_release_group"":""28298e2c-4d70-3eed-a0f5-a3280c662b3d"",""musicbrainz_series"":""6a4b53b9-2756-4afe-93f2-306039d41910""}"
45,Sign “☮︎” the Times,Prince,1987,https://coverartarchive.org/release-group/90718403-7634-3786-84bf-2053a7bd4f4c/front-500,,https://music.apple.com/us/album/sign-o-the-times/1544303593,"{""musicbrainz_release_group"":""90718403-7634-3786-84bf-2053a7bd4f4c"",""musicbrainz_series"":""6a4b53b9-2756-4afe-93f2-306039d41910""}"
46,Graceland,Paul Simon,1986,https://coverartarchive.org/release-group/19847822-1430-3380-9cf1-bc45545b34ac/front-500,,https://music.apple.com/us/album/graceland/529574560,"{""musicbrainz_release_group"":""19847822-1430-3380-9cf1-bc45545b34ac"",""musicbrainz_series"":""6a4b53b9-2756-4afe-93f2-306039d41910""}"
47,Ramones,Ramones,1976,https://coverartarchive.org/release-group/7de1e321-4a53-3feb-b83e-f1dab88bf952/front-500,,https://music.apple.com/us/album/ramones/847972873,"{""musicbrainz_release_group"":""7de1e321-4a53-3feb-b83e-f1dab88bf952"",""musicbrainz_series"":""6a4b53b9-2756-4afe-93f2-306039d41910""}"
48,Legend: The Best of Bob Marley and The Wailers,Bob Marley & The Wailers,1984,https://coverartarchive.org/release-group/1a4c52cd-483a-347c-93f9-4d512767c7ba/front-500,,https://music.apple.com/us/album/legend-the-best-of-bob-marley-the-wailers/1469575763,"{""musicbrainz_release_group"":""1a4c52cd-483a-347c-93f9-4d512767c7ba"",""musicbrainz_series"":""6a4b53b9-2756-4afe-93f2-306039d41910""}"
49,Aquemini,OutKast,1998,https://coverartarchive.org/release-group/eb655897-6cc5-3fc1-b9ed-5008eb80c682/front-500,,https://music.apple.com/us/album/aquemini/1536669507,"{""musicbrainz_release_group"":""eb655897-6cc5-3fc1-b9ed-5008eb80c682"",""musicbrainz_series"":""6a4b53b9-2756-4afe-93f2-306039d41910""}"
50,The Blueprint,Jay‐Z,2001,https://coverartarchive.org/release-group/11ae8c9c-27c1-3308-9761-edb87c8f54ea/front-500,,https://music.apple.com/us/album/the-blueprint/1440933859,"{""musicbrainz_release_group"":""11ae8c9c-27c1-3308-9761-edb87c8f54ea"",""musicbrainz_series"":""6a4b53b9-2756-4afe-93f2-306039d41910""}"
51,The Great Twenty‐Eight,Chuck Berry,1982,https://coverartarchive.org/release-group/d7da8113-a582-3656-9412-74e17a9a447e/front-500,,https://music.apple.com/us/album/the-great-twenty-eight/1738561694,"{""musicbrainz_release_group"":""d7da8113-a582-3656-9412-74e17a9a447e"",""musicbrainz_series"":""6a4b53b9-2756-4afe-93f2-306039d41910""}"
52,Station to Station,David Bowie,1976,https://coverartarchive.org/release-group/686cdbd1-b400-32d8-8cb8-9317a2e41a58/front-500,,https://music.apple.com/us/album/station-to-station-2016-remaster/1195104858,"{""musicbrainz_release_group"":""686cdbd1-b400-32d8-8cb8-9317a2e41a58"",""musicbrainz_series"":""6a4b53b9-2756-4afe-93f2-306039d41910""}"
53,Electric Ladyland,The Jimi Hendrix Experience,1968,https://coverartarchive.org/release-group/47ba2d59-5544-34a4-b108-dc08c0956298/front-500,,https://music.apple.com/us/album/electric-ladyland/357652252,"{""musicbrainz_release_group"":""47ba2d59-5544-34a4-b108-dc08c0956298"",""musicbrainz_series"":""6a4b53b9-2756-4afe-93f2-306039d41910""}"
54,Star Time,James Brown,1991,https://coverartarchive.org/release-group/7f5132f0-1d58-3d83-be6a-e32d22219e17/front-500,,https://music.apple.com/us/album/star-time/1793518788,"{""musicbrainz_release_group"":""7f5132f0-1d58-3d83-be6a-e32d22219e17"",""musicbrainz_series"":""6a4b53b9-2756-4afe-93f2-306039d41910""}"
55,The Dark Side of the Moon,Pink Floyd,1973,https://coverartarchive.org/release-group/f5093c06-23e3-404f-aeaa-40f72885ee3a/front-500,,,"{""musicbrainz_release_group"":""f5093c06-23e3-404f-aeaa-40f72885ee3a"",""musicbrainz_series"":""6a4b53b9-2756-4afe-93f2-306039d41910""}"
56,Exile in Guyville,Liz Phair,1993,https://coverartarchive.org/release-group/c186db82-9988-367e-8486-2e38e9b6c8db/front-500,,,"{""musicbrainz_release_group"":""c186db82-9988-367e-8486-2e38e9b6c8db"",""musicbrainz_series"":""6a4b53b9-2756-4afe-93f2-306039d41910""}"
57,The Band,The Band,1969,https://coverartarchive.org/release-group/ea337405-285f-3846-9049-5e3addf149fc/front-500,,https://music.apple.com/us/album/the-band-remastered/1440846597,"{""musicbrainz_release_group"":""ea337405-285f-3846-9049-5e3addf149fc"",""musicbrainz_series"":""6a4b53b9-2756-4afe-93f2-306039d41910""}"
58,[Led Zeppelin IV],Led Zeppelin,1971,https://coverartarchive.org/release-group/2e61da88-39e9-3473-81d2-c964cb394952/front-500,,https://music.apple.com/us/album/led-zeppelin-iv-remastered/580708175,"{""musicbrainz_release_group"":""2e61da88-39e9-3473-81d2-c964cb394952"",""musicbrainz_series"":""6a4b53b9-2756-4afe-93f2-306039d41910""}"
59,Talking Book,Stevie Wonder,1972,https://coverartarchive.org/release-group/58c6d809-bfa7-3b25-acf3-a99d53402b08/front-500,,https://music.apple.com/us/album/talking-book/1440808973,"{""musicbrainz_release_group"":""58c6d809-bfa7-3b25-acf3-a99d53402b08"",""musicbrainz_series"":""6a4b53b9-2756-4afe-93f2-306039d41910""}"
60,Astral Weeks,Van Morrison,1968,https://coverartarchive.org/release-group/7d568f14-d86e-3584-97d0-c1824599de04/front-500,,https://music.apple.com/us/album/astral-weeks/1031002336,"{""musicbrainz_release_group"":""7d568f14-d86e-3584-97d0-c1824599de04"",""musicbrainz_series"":""6a4b53b9-2756-4afe-93f2-306039d41910""}"
61,Paid in Full,Eric B. & Rakim,1987,https://coverartarchive.org/release-group/e124668d-731c-3d2f-bd38-facf91df5e27/front-500,,https://music.apple.com/us/album/paid-in-full/1440841577,"{""musicbrainz_release_group"":""e124668d-731c-3d2f-bd38-facf91df5e27"",""musicbrainz_series"":""6a4b53b9-2756-4afe-93f2-306039d41910""}"
62,Appetite for Destruction,Guns N’ Roses,1987,https://coverartarchive.org/release-group/a0b94d0a-210b-4b15-bd1d-93be2196c14a/front-500,,,"{""musicbrainz_release_group"":""a0b94d0a-210b-4b15-bd1d-93be2196c14a"",""musicbrainz_series"":""6a4b53b9-2756-4afe-93f2-306039d41910""}"
63,Aja,Steely Dan,1977,https://coverartarchive.org/release-group/8588c5a5-b491-37a4-8d51-2227346a072e/front-500,,https://music.apple.com/us/album/aja/1706428459,"{""musicbrainz_release_group"":""8588c5a5-b491-37a4-8d51-2227346a072e"",""musicbrainz_series"":""6a4b53b9-2756-4afe-93f2-306039d41910""}"
64,Stankonia,OutKast,2000,https://coverartarchive.org/release-group/00d2cd53-21c9-3738-b683-56847b7b0040/front-500,,https://music.apple.com/us/album/stankonia/1536683935,"{""musicbrainz_release_group"":""00d2cd53-21c9-3738-b683-56847b7b0040"",""musicbrainz_series"":""6a4b53b9-2756-4afe-93f2-306039d41910""}"
65,"Live at the Apollo, 1962",James Brown,1963,https://coverartarchive.org/release-group/a2bad96f-a572-38f2-b362-5865dedc0d35/front-500,,https://music.apple.com/us/album/live-at-the-apollo-1962/1445669062,"{""musicbrainz_release_group"":""a2bad96f-a572-38f2-b362-5865dedc0d35"",""musicbrainz_series"":""6a4b53b9-2756-4afe-93f2-306039d41910""}"
66,A Love Supreme,John Coltrane,1965,https://coverartarchive.org/release-group/77cf47ba-58cd-3f3d-a5f9-79bf89860421/front-500,,https://music.apple.com/us/album/a-love-supreme/1440713018,"{""musicbrainz_release_group"":""77cf47ba-58cd-3f3d-a5f9-79bf89860421"",""musicbrainz_series"":""6a4b53b9-2756-4afe-93f2-306039d41910""}"
67,Reasonable Doubt,Jaÿ‐Z,1996,https://coverartarchive.org/release-group/a7f852ba-08bc-36f1-92f3-4dc127f4b70a/front-500,,,"{""musicbrainz_release_group"":""a7f852ba-08bc-36f1-92f3-4dc127f4b70a"",""musicbrainz_series"":""6a4b53b9-2756-4afe-93f2-306039d41910""}"
68,Hounds of Love,Kate Bush,1985,https://coverartarchive.org/release-group/017f2a37-a78f-3578-9611-fa40408e5d90/front-500,,https://music.apple.com/us/album/hounds-of-love/1675375084,"{""musicbrainz_release_group"":""017f2a37-a78f-3578-9611-fa40408e5d90"",""musicbrainz_series"":""6a4b53b9-2756-4afe-93f2-306039d41910""}"
69,Jagged Little Pill,Alanis Morissette,1995,https://coverartarchive.org/release-group/ee3d18ed-d6a8-37c7-a964-41bbdb6d59f1/front-500,,,"{""musicbrainz_release_group"":""ee3d18ed-d6a8-37c7-a964-41bbdb6d59f1"",""musicbrainz_series"":""6a4b53b9-2756-4afe-93f2-306039d41910""}"
70,Straight Outta Compton,N.W.A,1988,https://coverartarchive.org/release-group/fed1608d-80b7-38d2-aeb8-c6357f0d4c23/front-500,,https://music.apple.com/us/album/straight-outta-compton/1478946356,"{""musicbrainz_release_group"":""fed1608d-80b7-38d2-aeb8-c6357f0d4c23"",""musicbrainz_series"":""6a4b53b9-2756-4afe-93f2-306039d41910""}"
71,Exodus,Bob Marley & The Wailers,1977,https://coverartarchive.org/release-group/c5650313-60f3-34d3-92e4-300545133792/front-500,,https://music.apple.com/us/album/exodus-deluxe-edition/1629115571,"{""musicbrainz_release_group"":""c5650313-60f3-34d3-92e4-300545133792"",""musicbrainz_series"":""6a4b53b9-2756-4afe-93f2-306039d41910""}"
72,Harvest,Neil Young,1972,https://coverartarchive.org/release-group/b25419cf-71bf-3a54-8cd4-2161c61056a0/front-500,,https://music.apple.com/us/album/harvest/1015739190,"{""musicbrainz_release_group"":""b25419cf-71bf-3a54-8cd4-2161c61056a0"",""musicbrainz_series"":""6a4b53b9-2756-4afe-93f2-306039d41910""}"
73,Loveless,My Bloody Valentine,1991,https://coverartarchive.org/release-group/cb76227e-3ac0-3002-9a10-615a5b73cc59/front-500,,,"{""musicbrainz_release_group"":""cb76227e-3ac0-3002-9a10-615a5b73cc59"",""musicbrainz_series"":""6a4b53b9-2756-4afe-93f2-306039d41910""}"
74,The College Dropout,Kanye West,2004,https://coverartarchive.org/release-group/8a01217e-6947-3927-a39b-6691104694f1/front-500,,https://music.apple.com/us/album/the-college-dropout/1437467864,"{""musicbrainz_release_group"":""8a01217e-6947-3927-a39b-6691104694f1"",""musicbrainz_series"":""6a4b53b9-2756-4afe-93f2-306039d41910""}"
75,Lady Soul,Aretha Franklin,1968,https://coverartarchive.org/release-group/05571372-5b11-39b7-89c5-1c02589a27c8/front-500,,https://music.apple.com/us/album/lady-soul/933585548,"{""musicbrainz_release_group"":""05571372-5b11-39b7-89c5-1c02589a27c8"",""musicbrainz_series"":""6a4b53b9-2756-4afe-93f2-306039d41910""}"
76,Superfly,Curtis Mayfield,1972,https://coverartarchive.org/release-group/3f68cf91-b4f0-39ef-8318-93dc064a53ba/front-500,,https://music.apple.com/us/album/superfly-soundtrack-from-the-motion-picture/1048472205,"{""musicbrainz_release_group"":""3f68cf91-b4f0-39ef-8318-93dc064a53ba"",""musicbrainz_series"":""6a4b53b9-2756-4afe-93f2-306039d41910""}"
77,Who’s Next,The Who,1971,https://coverartarchive.org/release-group/9584e28b-66a7-3846-8d52-b3008a283539/front-500,,https://music.apple.com/us/album/whos-next-deluxe-edition/1440850317,"{""musicbrainz_release_group"":""9584e28b-66a7-3846-8d52-b3008a283539"",""musicbrainz_series"":""6a4b53b9-2756-4afe-93f2-306039d41910""}"
78,The Sun Sessions,Elvis Presley,1975,https://coverartarchive.org/release-group/2ac479cc-0126-3709-bb55-7028e4c559ef/front-500,,,"{""musicbrainz_release_group"":""2ac479cc-0126-3709-bb55-7028e4c559ef"",""musicbrainz_series"":""6a4b53b9-2756-4afe-93f2-306039d41910""}"
79,Blonde,Frank Ocean,2016,https://coverartarchive.org/release-group/0da340a0-6ad7-4fc2-a272-6f94393a7831/front-500,,,"{""musicbrainz_release_group"":""0da340a0-6ad7-4fc2-a272-6f94393a7831"",""musicbrainz_series"":""6a4b53b9-2756-4afe-93f2-306039d41910""}"
80,Never Mind the Bollocks Here’s the Sex Pistols,Sex Pistols,1977,https://coverartarchive.org/release-group/e959a4b3-6306-3c45-9df6-e7241dae9ea3/front-500,,,"{""musicbrainz_release_group"":""e959a4b3-6306-3c45-9df6-e7241dae9ea3"",""musicbrainz_series"":""6a4b53b9-2756-4afe-93f2-306039d41910""}"
81,BEYONCÉ,Beyoncé,2013,https://coverartarchive.org/release-group/8596171e-23b2-4bdd-8f1c-11960df0ecbe/front-500,,https://music.apple.com/us/album/beyonc%C3%A9/939780957,"{""musicbrainz_release_group"":""8596171e-23b2-4bdd-8f1c-11960df0ecbe"",""musicbrainz_series"":""6a4b53b9-2756-4afe-93f2-306039d41910""}"
82,There’s a Riot Goin’ On,Sly & the Family Stone,1971,https://coverartarchive.org/release-group/d8b8448a-2634-3e92-ac86-cf55e018f825/front-500,,https://music.apple.com/us/album/theres-a-riot-goin-on/1501778712,"{""musicbrainz_release_group"":""d8b8448a-2634-3e92-ac86-cf55e018f825"",""musicbrainz_series"":""6a4b53b9-2756-4afe-93f2-306039d41910""}"
83,Dusty in Memphis,Dusty Springfield,1969,https://coverartarchive.org/release-group/aac8700b-8f62-30fc-ac2a-23b6cb37e3c3/front-500,,https://music.apple.com/us/album/dusty-in-memphis/302307350,"{""musicbrainz_release_group"":""aac8700b-8f62-30fc-ac2a-23b6cb37e3c3"",""musicbrainz_series"":""6a4b53b9-2756-4afe-93f2-306039d41910""}"
84,Back in Black,AC/DC,1980,https://coverartarchive.org/release-group/d3bc1a64-7561-3787-b680-0003aa50f8f1/front-500,,https://music.apple.com/us/album/back-in-black/574050396,"{""musicbrainz_release_group"":""d3bc1a64-7561-3787-b680-0003aa50f8f1"",""musicbrainz_series"":""6a4b53b9-2756-4afe-93f2-306039d41910""}"
85,John Lennon/Plastic Ono Band,John Lennon/Plastic Ono Band,1970,https://coverartarchive.org/release-group/8be83468-4917-390d-82b6-d890f058cd22/front-500,,,"{""musicbrainz_release_group"":""8be83468-4917-390d-82b6-d890f058cd22"",""musicbrainz_series"":""6a4b53b9-2756-4afe-93f2-306039d41910""}"
86,The Doors,The Doors,1967,https://coverartarchive.org/release-group/8ebffd15-06c3-3b88-a761-ec18c5513287/front-500,,https://music.apple.com/us/album/the-doors/1622368510,"{""musicbrainz_release_group"":""8ebffd15-06c3-3b88-a761-ec18c5513287"",""musicbrainz_series"":""6a4b53b9-2756-4afe-93f2-306039d41910""}"
87,Bitches Brew,Miles Davis,1970,https://coverartarchive.org/release-group/a9e30282-5b37-3f92-b897-b9659a1a312b/front-500,,https://music.apple.com/us/album/bitches-brew/168376392,"{""musicbrainz_release_group"":""a9e30282-5b37-3f92-b897-b9659a1a312b"",""musicbrainz_series"":""6a4b53b9-2756-4afe-93f2-306039d41910""}"
88,Hunky Dory,David Bowie,1971,https://coverartarchive.org/release-group/743b0b2e-a23a-3182-950e-232f8cb0dfb7/front-500,,https://music.apple.com/us/album/hunky-dory-2015-remaster/1039798000,"{""musicbrainz_release_group"":""743b0b2e-a23a-3182-950e-232f8cb0dfb7"",""musicbrainz_series"":""6a4b53b9-2756-4afe-93f2-306039d41910""}"
89,Baduizm,Erykah Badu,1997,https://coverartarchive.org/release-group/45536412-c62c-34fc-9524-0bac1d2542c1/front-500,,,"{""musicbrainz_release_group"":""45536412-c62c-34fc-9524-0bac1d2542c1"",""musicbrainz_series"":""6a4b53b9-2756-4afe-93f2-306039d41910""}"
90,After the Gold Rush,Neil Young,1970,https://coverartarchive.org/release-group/b6a3952b-9977-351c-a80a-73e023143858/front-500,,https://music.apple.com/us/album/after-the-gold-rush/1015783330,"{""musicbrainz_release_group"":""b6a3952b-9977-351c-a80a-73e023143858"",""musicbrainz_series"":""6a4b53b9-2756-4afe-93f2-306039d41910""}"
91,Darkness on the Edge of Town,Bruce Springsteen,1978,https://coverartarchive.org/release-group/b613123b-a234-3f48-9c45-e05bf4e6b9e7/front-500,,https://music.apple.com/us/album/darkness-on-the-edge-of-town/400713977,"{""musicbrainz_release_group"":""b613123b-a234-3f48-9c45-e05bf4e6b9e7"",""musicbrainz_series"":""6a4b53b9-2756-4afe-93f2-306039d41910""}"
92,Axis: Bold as Love,The Jimi Hendrix Experience,1967,https://coverartarchive.org/release-group/d0b1e21e-cef6-4575-8d92-1afea1894ca3/front-500,,https://music.apple.com/us/album/axis-bold-as-love/357222341,"{""musicbrainz_release_group"":""d0b1e21e-cef6-4575-8d92-1afea1894ca3"",""musicbrainz_series"":""6a4b53b9-2756-4afe-93f2-306039d41910""}"
93,Supa Dupa Fly,Missy Misdemeanor Elliott,1997,https://coverartarchive.org/release-group/45a68d94-6923-38c1-a6dd-4cfc1cdc193a/front-500,,https://music.apple.com/us/album/supa-dupa-fly/302943316,"{""musicbrainz_release_group"":""45a68d94-6923-38c1-a6dd-4cfc1cdc193a"",""musicbrainz_series"":""6a4b53b9-2756-4afe-93f2-306039d41910""}"
94,Fun House,The Stooges,1970,https://coverartarchive.org/release-group/edd57263-df77-3f1a-8803-8beb5d5b1a64/front-500,,https://music.apple.com/us/album/fun-house/843836692,"{""musicbrainz_release_group"":""edd57263-df77-3f1a-8803-8beb5d5b1a64"",""musicbrainz_series"":""6a4b53b9-2756-4afe-93f2-306039d41910""}"
95,Take Care,Drake,2011,https://coverartarchive.org/release-group/47809021-4515-4215-beea-db3f5dfb6267/front-500,,https://music.apple.com/us/album/take-care-deluxe-version/1440745498,"{""musicbrainz_release_group"":""47809021-4515-4215-beea-db3f5dfb6267"",""musicbrainz_series"":""6a4b53b9-2756-4afe-93f2-306039d41910""}"
96,Automatic for the People,R.E.M.,1992,https://coverartarchive.org/release-group/c86c6af9-d10e-3079-b34b-30b682a797eb/front-500,,,"{""musicbrainz_release_group"":""c86c6af9-d10e-3079-b34b-30b682a797eb"",""musicbrainz_series"":""6a4b53b9-2756-4afe-93f2-306039d41910""}"
97,Master of Puppets,Metallica,1986,https://coverartarchive.org/release-group/3d00fb45-f8ab-3436-a8e1-b4bfc4d66913/front-500,,https://music.apple.com/us/album/master-of-puppets-expanded-edition/1275551221,"{""musicbrainz_release_group"":""3d00fb45-f8ab-3436-a8e1-b4bfc4d66913"",""musicbrainz_series"":""6a4b53b9-2756-4afe-93f2-306039d41910""}"
98,Car Wheels on a Gravel Road,Lucinda Williams,1998,https://coverartarchive.org/release-group/493de006-33bf-3404-9bb7-1f3b0c22ce05/front-500,,https://music.apple.com/us/album/car-wheels-on-a-gravel-road/1440915686,"{""musicbrainz_release_group"":""493de006-33bf-3404-9bb7-1f3b0c22ce05"",""musicbrainz_series"":""6a4b53b9-2756-4afe-93f2-306039d41910""}"
99,Red,Taylor Swift,2012,https://coverartarchive.org/release-group/a73cecde-0923-40ad-aad1-e8c24ba6c3d2/front-500,,https://music.apple.com/us/album/red/1440935340,"{""musicbrainz_release_group"":""a73cecde-0923-40ad-aad1-e8c24ba6c3d2"",""musicbrainz_series"":""6a4b53b9-2756-4afe-93f2-306039d41910""}"
100,Music From Big Pink,The Band,1968,https://coverartarchive.org/release-group/466fddac-8006-3e71-bbe7-7aa0f587aa88/front-500,,https://music.apple.com/us/album/music-from-big-pink-remastered-2000/1440814725,"{""musicbrainz_release_group"":""466fddac-8006-3e71-bbe7-7aa0f587aa88"",""musicbrainz_series"":""6a4b53b9-2756-4afe-93f2-306039d41910""}"
101,Led Zeppelin,Led Zeppelin,1969,https://coverartarchive.org/release-group/0f18ec88-aa87-38a9-8a65-f03d81763560/front-500,,https://music.apple.com/us/album/led-zeppelin-remastered/580708520,"{""musicbrainz_release_group"":""0f18ec88-aa87-38a9-8a65-f03d81763560"",""musicbrainz_series"":""6a4b53b9-2756-4afe-93f2-306039d41910""}"
102,The Clash,The Clash,1977,https://coverartarchive.org/release-group/ca91cb5a-7ecc-3c46-84a0-0d4951889374/front-500,,,"{""musicbrainz_release_group"":""ca91cb5a-7ecc-3c46-84a0-0d4951889374"",""musicbrainz_series"":""6a4b53b9-2756-4afe-93f2-306039d41910""}"
103,3 Feet High and Rising,De La Soul,1989,https://coverartarchive.org/release-group/5243f39c-c344-3989-a0f6-2a2f75a9d827/front-500,,https://music.apple.com/us/album/3-feet-high-and-rising/1673853423,"{""musicbrainz_release_group"":""5243f39c-c344-3989-a0f6-2a2f75a9d827"",""musicbrainz_series"":""6a4b53b9-2756-4afe-93f2-306039d41910""}"
104,Sticky Fingers,The Rolling Stones,1971,https://coverartarchive.org/release-group/4a4213d0-f224-3d51-bcca-476f61162681/front-500,,https://music.apple.com/us/album/sticky-fingers-2015-remaster/1440812661,"{""musicbrainz_release_group"":""4a4213d0-f224-3d51-bcca-476f61162681"",""musicbrainz_series"":""6a4b53b9-2756-4afe-93f2-306039d41910""}"
105,At Fillmore East,The Allman Brothers Band,1971,https://coverartarchive.org/release-group/d757b87e-4a3b-38ec-9246-548baeff5ceb/front-500,,https://music.apple.com/us/album/at-fillmore-east-live/1440833569,"{""musicbrainz_release_group"":""d757b87e-4a3b-38ec-9246-548baeff5ceb"",""musicbrainz_series"":""6a4b53b9-2756-4afe-93f2-306039d41910""}"
106,Live Through This,Hole,1994,https://coverartarchive.org/release-group/fe676d05-f97c-303a-890b-da53c69e5d42/front-500,,,"{""musicbrainz_release_group"":""fe676d05-f97c-303a-890b-da53c69e5d42"",""musicbrainz_series"":""6a4b53b9-2756-4afe-93f2-306039d41910""}"
107,Marquee Moon,Television,1977,https://coverartarchive.org/release-group/2b9f99d8-becf-3fc3-86a6-2bdd4cef93fe/front-500,,https://music.apple.com/us/album/marquee-moon/1049069472,"{""musicbrainz_release_group"":""2b9f99d8-becf-3fc3-86a6-2bdd4cef93fe"",""musicbrainz_series"":""6a4b53b9-2756-4afe-93f2-306039d41910""}"
108,"When the Pawn Hits the Conflicts He Thinks Like a King What He Knows Throws the Blows When He Goes to the Fight and He’ll Win the Whole Thing ’Fore He Enters the Ring There’s No Body to Batter When Your Mind Is Your Might So When You Go Solo, You Hold Your Own Hand and Remember That Depth Is the Greatest of Heights and If You Know Where You Stand, Then You Know Where to Land and If You Fall It Won’t Matter, Cuz You’ll Know That You’re Right",Fiona Apple,1999,https://coverartarchive.org/release-group/3d3ff0b9-5858-33f3-9d67-8ba5977899a8/front-500,,,"{""musicbrainz_release_group"":""3d3ff0b9-5858-33f3-9d67-8ba5977899a8"",""musicbrainz_series"":""6a4b53b9-2756-4afe-93f2-306039d41910""}"
109,Transformer,Lou Reed,1972,https://coverartarchive.org/release-group/6c8345df-f822-33af-b64a-eff2e46941b9/front-500,,https://music.apple.com/us/album/transformer/976826793,"{""musicbrainz_release_group"":""6c8345df-f822-33af-b64a-eff2e46941b9"",""musicbrainz_series"":""6a4b53b9-2756-4afe-93f2-306039d41910""}"
110,Court and Spark,Joni Mitchell,1974,https://coverartarchive.org/release-group/3bd19e28-698e-3b7e-a8ec-f872bf001651/front-500,,https://music.apple.com/us/album/court-and-spark/1492263239,"{""musicbrainz_release_group"":""3bd19e28-698e-3b7e-a8ec-f872bf001651"",""musicbrainz_series"":""6a4b53b9-2756-4afe-93f2-306039d41910""}"
111,Control,Janet Jackson,1986,https://coverartarchive.org/release-group/b23d3137-df51-3047-a6a5-b5efbde50f22/front-500,,https://music.apple.com/us/album/control/1440831636,"{""musicbrainz_release_group"":""b23d3137-df51-3047-a6a5-b5efbde50f22"",""musicbrainz_series"":""6a4b53b9-2756-4afe-93f2-306039d41910""}"
112,Goodbye Yellow Brick Road,Elton John,1973,https://coverartarchive.org/release-group/80df0f1b-4ce7-348a-aa1b-0d31ebff111a/front-500,,https://music.apple.com/us/album/goodbye-yellow-brick-road-deluxe/1440883261,"{""musicbrainz_release_group"":""80df0f1b-4ce7-348a-aa1b-0d31ebff111a"",""musicbrainz_series"":""6a4b53b9-2756-4afe-93f2-306039d41910""}"
113,The Queen Is Dead,The Smiths,1986,https://coverartarchive.org/release-group/d8dde278-482c-3cc8-a530-fea70476f3a5/front-500,,https://music.apple.com/us/album/the-queen-is-dead/800092985,"{""musicbrainz_release_group"":""d8dde278-482c-3cc8-a530-fea70476f3a5"",""musicbrainz_series"":""6a4b53b9-2756-4afe-93f2-306039d41910""}"
114,Is This It,The Strokes,2001,https://coverartarchive.org/release-group/efea26d1-a016-30f6-b8e2-bc8c02336b0a/front-500,,,"{""musicbrainz_release_group"":""efea26d1-a016-30f6-b8e2-bc8c02336b0a"",""musicbrainz_series"":""6a4b53b9-2756-4afe-93f2-306039d41910""}"
115,"good kid, m.A.A.d city",Kendrick Lamar,2012,https://coverartarchive.org/release-group/499c19c8-0dab-4824-884b-6191d145e95b/front-500,,https://music.apple.com/us/album/good-kid-m-a-a-d-city/1471277623,"{""musicbrainz_release_group"":""499c19c8-0dab-4824-884b-6191d145e95b"",""musicbrainz_series"":""6a4b53b9-2756-4afe-93f2-306039d41910""}"
116,Disintegration,The Cure,1989,https://coverartarchive.org/release-group/494bf606-d2f7-36d0-8340-eadad8601d2b/front-500,,https://music.apple.com/us/album/disintegration-deluxe-edition-remastered/371772227,"{""musicbrainz_release_group"":""494bf606-d2f7-36d0-8340-eadad8601d2b"",""musicbrainz_series"":""6a4b53b9-2756-4afe-93f2-306039d41910""}"
117,Late Registration,Kanye West,2005,https://coverartarchive.org/release-group/c563d738-3841-31ce-b29d-ec6b40fd1e7b/front-500,,https://music.apple.com/us/album/late-registration/1440763821,"{""musicbrainz_release_group"":""c563d738-3841-31ce-b29d-ec6b40fd1e7b"",""musicbrainz_series"":""6a4b53b9-2756-4afe-93f2-306039d41910""}"
118,Hotel California,Eagles,1976,https://coverartarchive.org/release-group/836f349a-0434-3e8b-a0bc-261f77a9f99c/front-500,,https://music.apple.com/us/album/hotel-california/635770200,"{""musicbrainz_release_group"":""836f349a-0434-3e8b-a0bc-261f77a9f99c"",""musicbrainz_series"":""6a4b53b9-2756-4afe-93f2-306039d41910""}"
119,Stand!,Sly and the Family Stone,1969,https://coverartarchive.org/release-group/86871123-60e4-30a5-aae3-36e810e0964b/front-500,,https://music.apple.com/us/album/stand-deluxe-edition/216551517,"{""musicbrainz_release_group"":""86871123-60e4-30a5-aae3-36e810e0964b"",""musicbrainz_series"":""6a4b53b9-2756-4afe-93f2-306039d41910""}"
120,Moondance,Van Morrison,1970,https://coverartarchive.org/release-group/16506432-d133-3b2f-a504-dc88966dad2a/front-500,,https://music.apple.com/us/album/moondance/712727450,"{""musicbrainz_release_group"":""16506432-d133-3b2f-a504-dc88966dad2a"",""musicbrainz_series"":""6a4b53b9-2756-4afe-93f2-306039d41910""}"
121,This Year’s Model,Elvis Costello,1978,https://coverartarchive.org/release-group/5e8117f4-a87f-3732-be5f-313c7e5b308d/front-500,,https://music.apple.com/us/album/this-years-model-2021-remaster-deluxe/1585423236,"{""musicbrainz_release_group"":""5e8117f4-a87f-3732-be5f-313c7e5b308d"",""musicbrainz_series"":""6a4b53b9-2756-4afe-93f2-306039d41910""}"
122,The Downward Spiral,Nine Inch Nails,1994,https://coverartarchive.org/release/299d12ca-adee-4730-80df-61f4be276754/front-500,,,"{""musicbrainz_release_group"":""7c4cab8d-dead-3870-b501-93c90fd0a580"",""musicbrainz_series"":""6a4b53b9-2756-4afe-93f2-306039d41910""}"
123,Led Zeppelin II,Led Zeppelin,1969,https://coverartarchive.org/release-group/33b4653d-006e-3cc1-8afb-386b15a6cd6e/front-500,,https://music.apple.com/us/album/led-zeppelin-ii-remastered/580708374,"{""musicbrainz_release_group"":""33b4653d-006e-3cc1-8afb-386b15a6cd6e"",""musicbrainz_series"":""6a4b53b9-2756-4afe-93f2-306039d41910""}"
124,Achtung Baby,U2,1991,https://coverartarchive.org/release-group/744c7a1b-ac79-35c4-bd92-7e2c6a24c8d8/front-500,,https://music.apple.com/us/album/achtung-baby/1443063058,"{""musicbrainz_release_group"":""744c7a1b-ac79-35c4-bd92-7e2c6a24c8d8"",""musicbrainz_series"":""6a4b53b9-2756-4afe-93f2-306039d41910""}"
125,Paul’s Boutique,Beastie Boys,1989,https://coverartarchive.org/release-group/b534aa01-d621-31ba-9278-38a500e3cdca/front-500,,,"{""musicbrainz_release_group"":""b534aa01-d621-31ba-9278-38a500e3cdca"",""musicbrainz_series"":""6a4b53b9-2756-4afe-93f2-306039d41910""}"
126,My Life,Mary J. Blige,1994,https://coverartarchive.org/release-group/49acb129-7958-3132-988c-bb85955b1c3c/front-500,,https://music.apple.com/us/album/my-life/1488020290,"{""musicbrainz_release_group"":""49acb129-7958-3132-988c-bb85955b1c3c"",""musicbrainz_series"":""6a4b53b9-2756-4afe-93f2-306039d41910""}"
127,Modern Sounds in Country and Western Music,Ray Charles,1962,https://coverartarchive.org/release-group/38671d62-32bd-399d-abbd-0f685c2fd4a3/front-500,,https://music.apple.com/us/album/modern-sounds-in-country-and-western-music-vols-1-2/1881491364,"{""musicbrainz_release_group"":""38671d62-32bd-399d-abbd-0f685c2fd4a3"",""musicbrainz_series"":""6a4b53b9-2756-4afe-93f2-306039d41910""}"
128,A Night at the Opera,Queen,1975,https://coverartarchive.org/release-group/6b47c9a0-b9e1-3df9-a5e8-50a6ce0dbdbd/front-500,,https://music.apple.com/us/album/a-night-at-the-opera/1440806041,"{""musicbrainz_release_group"":""6b47c9a0-b9e1-3df9-a5e8-50a6ce0dbdbd"",""musicbrainz_series"":""6a4b53b9-2756-4afe-93f2-306039d41910""}"
129,The Wall,Pink Floyd,1979,https://coverartarchive.org/release-group/f2026101-945b-3d05-9ef4-aa718fc3feef/front-500,,https://music.apple.com/us/album/the-wall/1065975633,"{""musicbrainz_release_group"":""f2026101-945b-3d05-9ef4-aa718fc3feef"",""musicbrainz_series"":""6a4b53b9-2756-4afe-93f2-306039d41910""}"
130,1999,Prince,1982,https://coverartarchive.org/release-group/561be5b7-a39c-3866-859d-d86f30816ae7/front-500,,,"{""musicbrainz_release_group"":""561be5b7-a39c-3866-859d-d86f30816ae7"",""musicbrainz_series"":""6a4b53b9-2756-4afe-93f2-306039d41910""}"
131,Dummy,Portishead,1994,https://coverartarchive.org/release-group/48140466-cff6-3222-bd55-63c27e43190d/front-500,,https://music.apple.com/us/album/dummy/1440653096,"{""musicbrainz_release_group"":""48140466-cff6-3222-bd55-63c27e43190d"",""musicbrainz_series"":""6a4b53b9-2756-4afe-93f2-306039d41910""}"
132,40 Greatest Hits,Hank Williams,1978,https://coverartarchive.org/release-group/4a48eaed-2b09-3147-b310-187bfc692849/front-500,,https://music.apple.com/us/album/40-greatest-hits/1434905254,"{""musicbrainz_release_group"":""4a48eaed-2b09-3147-b310-187bfc692849"",""musicbrainz_series"":""6a4b53b9-2756-4afe-93f2-306039d41910""}"
133,Hejira,Joni Mitchell,1976,https://coverartarchive.org/release-group/039f2ae4-36dd-3608-9103-67ce7f6c9288/front-500,,https://music.apple.com/us/album/hejira/1492262288,"{""musicbrainz_release_group"":""039f2ae4-36dd-3608-9103-67ce7f6c9288"",""musicbrainz_series"":""6a4b53b9-2756-4afe-93f2-306039d41910""}"
134,The Score,Fugees (Refugee Camp),1996,https://coverartarchive.org/release-group/dd2203dd-a149-316b-ad7f-a303dc4fc459/front-500,,https://music.apple.com/us/album/the-score/1054461239,"{""musicbrainz_release_group"":""dd2203dd-a149-316b-ad7f-a303dc4fc459"",""musicbrainz_series"":""6a4b53b9-2756-4afe-93f2-306039d41910""}"
135,The Joshua Tree,U2,1987,https://coverartarchive.org/release-group/6f3e9fa6-be7a-3de8-a2b2-2072ece8a54d/front-500,,https://music.apple.com/us/album/the-joshua-tree/1443155637,"{""musicbrainz_release_group"":""6f3e9fa6-be7a-3de8-a2b2-2072ece8a54d"",""musicbrainz_series"":""6a4b53b9-2756-4afe-93f2-306039d41910""}"
136,Maggot Brain,Funkadelic,1971,https://coverartarchive.org/release-group/a334e612-e736-3b4f-82b4-c4dfb774983c/front-500,,,"{""musicbrainz_release_group"":""a334e612-e736-3b4f-82b4-c4dfb774983c"",""musicbrainz_series"":""6a4b53b9-2756-4afe-93f2-306039d41910""}"
137,21,Adele,2011,https://coverartarchive.org/release-group/e4174758-d333-4a8e-a31f-dd0edd51518e/front-500,,https://music.apple.com/us/album/21/1544491232,"{""musicbrainz_release_group"":""e4174758-d333-4a8e-a31f-dd0edd51518e"",""musicbrainz_series"":""6a4b53b9-2756-4afe-93f2-306039d41910""}"
138,The Immaculate Collection,Madonna,1990,https://coverartarchive.org/release-group/b14e9927-081e-4a07-b0f7-8ddf22319b27/front-500,,https://music.apple.com/us/album/the-immaculate-collection/80812428,"{""musicbrainz_release_group"":""b14e9927-081e-4a07-b0f7-8ddf22319b27"",""musicbrainz_series"":""6a4b53b9-2756-4afe-93f2-306039d41910""}"
139,Paranoid,Black Sabbath,1970,https://coverartarchive.org/release-group/cc053745-c447-3566-8f27-bed5438c9133/front-500,,https://music.apple.com/us/album/paranoid/785232473,"{""musicbrainz_release_group"":""cc053745-c447-3566-8f27-bed5438c9133"",""musicbrainz_series"":""6a4b53b9-2756-4afe-93f2-306039d41910""}"
140,Catch a Fire,The Wailers,1973,https://coverartarchive.org/release-group/63a3ac2f-5d63-3132-98d3-b00385d9a3a2/front-500,,https://music.apple.com/us/album/catch-a-fire-deluxe-edition/1452839186,"{""musicbrainz_release_group"":""63a3ac2f-5d63-3132-98d3-b00385d9a3a2"",""musicbrainz_series"":""6a4b53b9-2756-4afe-93f2-306039d41910""}"
141,Doolittle,Pixies,1989,https://coverartarchive.org/release-group/1aa41b19-5a72-341b-bd91-4cf61d1dab6b/front-500,,https://music.apple.com/us/album/doolittle/7060469,"{""musicbrainz_release_group"":""1aa41b19-5a72-341b-bd91-4cf61d1dab6b"",""musicbrainz_series"":""6a4b53b9-2756-4afe-93f2-306039d41910""}"
142,Born in the U.S.A.,Bruce Springsteen,1984,https://coverartarchive.org/release-group/3c39a076-8e52-38f2-8076-260d0672fb23/front-500,,https://music.apple.com/us/album/born-in-the-u-s-a/203708420,"{""musicbrainz_release_group"":""3c39a076-8e52-38f2-8076-260d0672fb23"",""musicbrainz_series"":""6a4b53b9-2756-4afe-93f2-306039d41910""}"
143,The Velvet Underground,The Velvet Underground,1969,https://coverartarchive.org/release-group/a616dcf5-7a1f-3afe-a53b-27281c2bf75e/front-500,,https://music.apple.com/us/album/the-velvet-underground/1440814049,"{""musicbrainz_release_group"":""a616dcf5-7a1f-3afe-a53b-27281c2bf75e"",""musicbrainz_series"":""6a4b53b9-2756-4afe-93f2-306039d41910""}"
144,Physical Graffiti,Led Zeppelin,1975,https://coverartarchive.org/release-group/116c9490-6af4-3827-8261-2d5b1f508fe7/front-500,,https://music.apple.com/us/album/physical-graffiti-remastered/580707980,"{""musicbrainz_release_group"":""116c9490-6af4-3827-8261-2d5b1f508fe7"",""musicbrainz_series"":""6a4b53b9-2756-4afe-93f2-306039d41910""}"
145,The Marshall Mathers LP,Eminem,2000,https://coverartarchive.org/release-group/b0fa91c8-0996-38f1-ab84-797f58d7c4eb/front-500,,https://music.apple.com/us/album/the-marshall-mathers-lp/1440906504,"{""musicbrainz_release_group"":""b0fa91c8-0996-38f1-ab84-797f58d7c4eb"",""musicbrainz_series"":""6a4b53b9-2756-4afe-93f2-306039d41910""}"
146,Parallel Lines,Blondie,1978,https://coverartarchive.org/release-group/0c1a4d70-5926-3ae8-aa25-466fe65639fe/front-500,,https://music.apple.com/us/album/parallel-lines/1440929735,"{""musicbrainz_release_group"":""0c1a4d70-5926-3ae8-aa25-466fe65639fe"",""musicbrainz_series"":""6a4b53b9-2756-4afe-93f2-306039d41910""}"
147,Grace,Jeff Buckley,1994,https://coverartarchive.org/release-group/ea29c347-696f-3165-986d-7bad1394b178/front-500,,https://music.apple.com/us/album/grace/1046187510,"{""musicbrainz_release_group"":""ea29c347-696f-3165-986d-7bad1394b178"",""musicbrainz_series"":""6a4b53b9-2756-4afe-93f2-306039d41910""}"
148,channel ORANGE,Frank Ocean,2012,https://coverartarchive.org/release-group/f8f4167d-897c-4b25-a171-638374d1dfa4/front-500,,,"{""musicbrainz_release_group"":""f8f4167d-897c-4b25-a171-638374d1dfa4"",""musicbrainz_series"":""6a4b53b9-2756-4afe-93f2-306039d41910""}"
149,John Prine,John Prine,1971,https://coverartarchive.org/release-group/a13154a4-14a1-3344-ae14-3bea728ebe58/front-500,,https://music.apple.com/us/album/john-prine/1018524551,"{""musicbrainz_release_group"":""a13154a4-14a1-3344-ae14-3bea728ebe58"",""musicbrainz_series"":""6a4b53b9-2756-4afe-93f2-306039d41910""}"
150,Nebraska,Bruce Springsteen,1982,https://coverartarchive.org/release-group/324aee0c-36ec-35c1-9c93-b67a1d428037/front-500,,https://music.apple.com/us/album/nebraska/185798980,"{""musicbrainz_release_group"":""324aee0c-36ec-35c1-9c93-b67a1d428037"",""musicbrainz_series"":""6a4b53b9-2756-4afe-93f2-306039d41910""}"
151,Faith,George Michael,1987,https://coverartarchive.org/release-group/4e61585f-f341-3174-85cf-afad8df46fbe/front-500,,https://music.apple.com/us/album/faith-2010-remastered/395918916,"{""musicbrainz_release_group"":""4e61585f-f341-3174-85cf-afad8df46fbe"",""musicbrainz_series"":""6a4b53b9-2756-4afe-93f2-306039d41910""}"
152,Pretenders,Pretenders,1979,https://coverartarchive.org/release-group/448c8d23-3118-397f-9b81-a560c799f27a/front-500,,https://music.apple.com/us/album/pretenders-ii/118128528,"{""musicbrainz_release_group"":""448c8d23-3118-397f-9b81-a560c799f27a"",""musicbrainz_series"":""6a4b53b9-2756-4afe-93f2-306039d41910""}"
153,Rid of Me,PJ Harvey,1993,https://coverartarchive.org/release-group/c1bb54cc-751d-300c-ba29-d7502d571c2d/front-500,,,"{""musicbrainz_release_group"":""c1bb54cc-751d-300c-ba29-d7502d571c2d"",""musicbrainz_series"":""6a4b53b9-2756-4afe-93f2-306039d41910""}"
154,Amazing Grace,Aretha Franklin,1972,https://coverartarchive.org/release-group/9e9b6cb5-2398-3aa7-b0c3-80c73e30b663/front-500,,https://music.apple.com/us/album/amazing-grace-live-at-new-temple-missionary-baptist/1628093959,"{""musicbrainz_release_group"":""9e9b6cb5-2398-3aa7-b0c3-80c73e30b663"",""musicbrainz_series"":""6a4b53b9-2756-4afe-93f2-306039d41910""}"
155,The Black Album,Jay‐Z,2003,https://coverartarchive.org/release-group/77befaa0-662e-3d84-ba45-c862e16dc109/front-500,,https://music.apple.com/us/album/the-black-album/1440632265,"{""musicbrainz_release_group"":""77befaa0-662e-3d84-ba45-c862e16dc109"",""musicbrainz_series"":""6a4b53b9-2756-4afe-93f2-306039d41910""}"
156,Let It Be,The Replacements,1984,https://coverartarchive.org/release-group/2c644807-3b5d-39d4-8c65-dec603bf3f3a/front-500,,https://music.apple.com/us/album/let-it-be/162563989,"{""musicbrainz_release_group"":""2c644807-3b5d-39d4-8c65-dec603bf3f3a"",""musicbrainz_series"":""6a4b53b9-2756-4afe-93f2-306039d41910""}"
157,(What’s the Story) Morning Glory?,Oasis,1995,https://coverartarchive.org/release-group/cc7e6348-cc55-31fa-aeb2-748a46a81cb3/front-500,,https://music.apple.com/us/album/whats-the-story-morning-glory/1517447039,"{""musicbrainz_release_group"":""cc7e6348-cc55-31fa-aeb2-748a46a81cb3"",""musicbrainz_series"":""6a4b53b9-2756-4afe-93f2-306039d41910""}"
158,Mama’s Gun,Erykah Badu,2000,https://coverartarchive.org/release-group/25bdfd28-72ca-3d1f-88fc-dcf67df91720/front-500,,,"{""musicbrainz_release_group"":""25bdfd28-72ca-3d1f-88fc-dcf67df91720"",""musicbrainz_series"":""6a4b53b9-2756-4afe-93f2-306039d41910""}"
159,Synchronicity,The Police,1983,https://coverartarchive.org/release-group/f6df6292-fd40-37c3-bd61-22c53abfe773/front-500,,https://music.apple.com/us/album/synchronicity-remastered-2003/1440673959,"{""musicbrainz_release_group"":""f6df6292-fd40-37c3-bd61-22c53abfe773"",""musicbrainz_series"":""6a4b53b9-2756-4afe-93f2-306039d41910""}"
160,Ten,Pearl Jam,1991,https://coverartarchive.org/release-group/cea5d18a-1924-3cda-bebc-38933834b25d/front-500,,https://music.apple.com/us/album/live-on-ten-legs/412991821,"{""musicbrainz_release_group"":""cea5d18a-1924-3cda-bebc-38933834b25d"",""musicbrainz_series"":""6a4b53b9-2756-4afe-93f2-306039d41910""}"
161,"Crosby, Stills & Nash","Crosby, Stills & Nash",1969,https://coverartarchive.org/release-group/a2735d5f-27c0-3176-85df-e77f669dcca1/front-500,,https://music.apple.com/us/album/crosby-stills-nash/908303090,"{""musicbrainz_release_group"":""a2735d5f-27c0-3176-85df-e77f669dcca1"",""musicbrainz_series"":""6a4b53b9-2756-4afe-93f2-306039d41910""}"
162,Different Class,Pulp,1995,https://coverartarchive.org/release-group/88f69eab-8f07-343b-847c-b944ad33dfcf/front-500,,,"{""musicbrainz_release_group"":""88f69eab-8f07-343b-847c-b944ad33dfcf"",""musicbrainz_series"":""6a4b53b9-2756-4afe-93f2-306039d41910""}"
163,Saturday Night Fever: The Original Movie Sound Track,Various Artists,1977,https://coverartarchive.org/release-group/6e9a06a8-c8bb-3ea9-877a-417e74bb1c2e/front-500,,https://music.apple.com/us/album/saturday-night-fever/1490428890,"{""musicbrainz_release_group"":""6e9a06a8-c8bb-3ea9-877a-417e74bb1c2e"",""musicbrainz_series"":""6a4b53b9-2756-4afe-93f2-306039d41910""}"
164,At Folsom Prison,Johnny Cash,1968,https://coverartarchive.org/release-group/6b4ea595-3378-3019-be5f-058412670791/front-500,,https://music.apple.com/us/album/at-folsom-prison-live/825516828,"{""musicbrainz_release_group"":""6b4ea595-3378-3019-be5f-058412670791"",""musicbrainz_series"":""6a4b53b9-2756-4afe-93f2-306039d41910""}"
165,Murmur,R.E.M.,1983,https://coverartarchive.org/release-group/de790d3d-a35c-364c-a8fb-adfb73084a45/front-500,,https://music.apple.com/us/album/murmur/1440872981,"{""musicbrainz_release_group"":""de790d3d-a35c-364c-a8fb-adfb73084a45"",""musicbrainz_series"":""6a4b53b9-2756-4afe-93f2-306039d41910""}"
166,20 Golden Greats,Buddy Holly,1977,https://coverartarchive.org/release-group/5e762b33-2f63-3124-9912-251dbb1c0a83/front-500,,https://music.apple.com/us/album/20-golden-greats-buddy-holly-lives/1425246912,"{""musicbrainz_release_group"":""5e762b33-2f63-3124-9912-251dbb1c0a83"",""musicbrainz_series"":""6a4b53b9-2756-4afe-93f2-306039d41910""}"
167,Violator,Depeche Mode,1990,https://coverartarchive.org/release-group/71f1482e-e63f-3b2c-811b-939f62708f2a/front-500,,https://music.apple.com/us/album/violator/665404621,"{""musicbrainz_release_group"":""71f1482e-e63f-3b2c-811b-939f62708f2a"",""musicbrainz_series"":""6a4b53b9-2756-4afe-93f2-306039d41910""}"
168,Can’t Buy a Thrill,Steely Dan,1972,https://coverartarchive.org/release-group/9d73a864-2976-3286-b6c1-8aabc7407737/front-500,,https://music.apple.com/us/album/cant-buy-a-thrill/1650885288,"{""musicbrainz_release_group"":""9d73a864-2976-3286-b6c1-8aabc7407737"",""musicbrainz_series"":""6a4b53b9-2756-4afe-93f2-306039d41910""}"
169,The Stranger,Billy Joel,1977,https://coverartarchive.org/release-group/735bcee6-6be6-3957-af15-d21ba2bd355b/front-500,,https://music.apple.com/us/album/the-stranger/158617952,"{""musicbrainz_release_group"":""735bcee6-6be6-3957-af15-d21ba2bd355b"",""musicbrainz_series"":""6a4b53b9-2756-4afe-93f2-306039d41910""}"
170,Disraeli Gears,Cream,1967,https://coverartarchive.org/release-group/bbd66e31-ac27-3432-81a7-0d4b4b4c5de5/front-500,,https://music.apple.com/us/album/disraeli-gears/1440817229,"{""musicbrainz_release_group"":""bbd66e31-ac27-3432-81a7-0d4b4b4c5de5"",""musicbrainz_series"":""6a4b53b9-2756-4afe-93f2-306039d41910""}"
171,Daydream Nation,Sonic Youth,1988,https://coverartarchive.org/release-group/24769a99-8189-3d8c-947e-dbc8574dad5c/front-500,,https://music.apple.com/us/album/daydream-nation-deluxe-edition/520335802,"{""musicbrainz_release_group"":""24769a99-8189-3d8c-947e-dbc8574dad5c"",""musicbrainz_series"":""6a4b53b9-2756-4afe-93f2-306039d41910""}"
172,Bridge Over Troubled Water,Simon and Garfunkel,1970,https://coverartarchive.org/release-group/c39f7f80-d42f-3669-9653-230f8e922083/front-500,,https://music.apple.com/us/album/bridge-over-troubled-water/324127933,"{""musicbrainz_release_group"":""c39f7f80-d42f-3669-9653-230f8e922083"",""musicbrainz_series"":""6a4b53b9-2756-4afe-93f2-306039d41910""}"
173,In Utero,Nirvana,1993,https://coverartarchive.org/release-group/2a0981fb-9593-3019-864b-ce934d97a16e/front-500,,https://music.apple.com/us/album/in-utero-20th-anniversary-edition/1440858699,"{""musicbrainz_release_group"":""2a0981fb-9593-3019-864b-ce934d97a16e"",""musicbrainz_series"":""6a4b53b9-2756-4afe-93f2-306039d41910""}"
174,The Harder They Come,Various Artists,1972,https://coverartarchive.org/release-group/71188e04-90b4-35ff-81c0-06316efdc749/front-500,,https://music.apple.com/us/album/the-harder-they-come-original-motion-picture/1656325282,"{""musicbrainz_release_group"":""71188e04-90b4-35ff-81c0-06316efdc749"",""musicbrainz_series"":""6a4b53b9-2756-4afe-93f2-306039d41910""}"
175,DAMN.,Kendrick Lamar,2017,https://coverartarchive.org/release-group/b88655ba-7469-48b8-a296-b9011ab73ef3/front-500,,https://music.apple.com/us/album/damn/1440881722,"{""musicbrainz_release_group"":""b88655ba-7469-48b8-a296-b9011ab73ef3"",""musicbrainz_series"":""6a4b53b9-2756-4afe-93f2-306039d41910""}"
176,Fear of a Black Planet,Public Enemy,1990,https://coverartarchive.org/release-group/13cf2244-c850-304d-bc46-b30e3f10e0cc/front-500,,,"{""musicbrainz_release_group"":""13cf2244-c850-304d-bc46-b30e3f10e0cc"",""musicbrainz_series"":""6a4b53b9-2756-4afe-93f2-306039d41910""}"
177,Every Picture Tells a Story,Rod Stewart,1971,https://coverartarchive.org/release-group/d4e7be0c-6db3-372e-aee6-e048dbb9ac51/front-500,,https://music.apple.com/us/album/every-picture-tells-a-story/1469580609,"{""musicbrainz_release_group"":""d4e7be0c-6db3-372e-aee6-e048dbb9ac51"",""musicbrainz_series"":""6a4b53b9-2756-4afe-93f2-306039d41910""}"
178,Otis Blue / Otis Redding Sings Soul,Otis Redding,1965,https://coverartarchive.org/release-group/2c8fd4f3-1523-3604-97dd-18ba222e2f3b/front-500,,https://music.apple.com/us/album/otis-blue-otis-redding-sings-soul/995157199,"{""musicbrainz_release_group"":""2c8fd4f3-1523-3604-97dd-18ba222e2f3b"",""musicbrainz_series"":""6a4b53b9-2756-4afe-93f2-306039d41910""}"
179,Life After Death,The Notorious B.I.G.,1997,https://coverartarchive.org/release-group/132d78be-baa5-3301-aba5-933409e3f848/front-500,,https://music.apple.com/us/album/life-after-death-amended-version-2014-remaster/906586710,"{""musicbrainz_release_group"":""132d78be-baa5-3301-aba5-933409e3f848"",""musicbrainz_series"":""6a4b53b9-2756-4afe-93f2-306039d41910""}"
180,Forever Changes,Love,1967,https://coverartarchive.org/release-group/c7035bc6-6101-326f-992c-401d451c1716/front-500,,https://music.apple.com/us/album/forever-changes-remastered/1125521386,"{""musicbrainz_release_group"":""c7035bc6-6101-326f-992c-401d451c1716"",""musicbrainz_series"":""6a4b53b9-2756-4afe-93f2-306039d41910""}"
181,Bringing It All Back Home,Bob Dylan,1965,https://coverartarchive.org/release-group/6cadda7c-fbd0-3b19-9546-56915e3305d8/front-500,,https://music.apple.com/us/album/bringing-it-all-back-home/177964575,"{""musicbrainz_release_group"":""6cadda7c-fbd0-3b19-9546-56915e3305d8"",""musicbrainz_series"":""6a4b53b9-2756-4afe-93f2-306039d41910""}"
182,Sweet Baby James,James Taylor,1970,https://coverartarchive.org/release-group/a3a2756d-93b4-37c6-8b82-513070ef58d6/front-500,,https://music.apple.com/us/album/sweet-baby-james-remastered/1480026454,"{""musicbrainz_release_group"":""a3a2756d-93b4-37c6-8b82-513070ef58d6"",""musicbrainz_series"":""6a4b53b9-2756-4afe-93f2-306039d41910""}"
183,Brown Sugar,D’Angelo,1995,https://coverartarchive.org/release-group/a4591f67-48d9-36ae-bc68-2deb954d0a15/front-500,,https://music.apple.com/us/album/brown-sugar/1444063061,"{""musicbrainz_release_group"":""a4591f67-48d9-36ae-bc68-2deb954d0a15"",""musicbrainz_series"":""6a4b53b9-2756-4afe-93f2-306039d41910""}"
184,She’s So Unusual,Cyndi Lauper,1983,https://coverartarchive.org/release-group/46d415e9-39b7-3978-9e3d-d9d8a32c6751/front-500,,https://music.apple.com/us/album/shes-so-unusual/400603643,"{""musicbrainz_release_group"":""46d415e9-39b7-3978-9e3d-d9d8a32c6751"",""musicbrainz_series"":""6a4b53b9-2756-4afe-93f2-306039d41910""}"
185,Beggars Banquet,The Rolling Stones,1968,https://coverartarchive.org/release-group/6e672bbd-7c7f-32f8-8335-c603be99d13b/front-500,,https://music.apple.com/us/album/beggars-banquet-2018-remaster/1500643395,"{""musicbrainz_release_group"":""6e672bbd-7c7f-32f8-8335-c603be99d13b"",""musicbrainz_series"":""6a4b53b9-2756-4afe-93f2-306039d41910""}"
186,Blood Sugar Sex Magik,Red Hot Chili Peppers,1991,https://coverartarchive.org/release-group/68bee70d-b425-3813-aca7-dd7b912c3d11/front-500,,,"{""musicbrainz_release_group"":""68bee70d-b425-3813-aca7-dd7b912c3d11"",""musicbrainz_series"":""6a4b53b9-2756-4afe-93f2-306039d41910""}"
187,AmeriKKKa’s Most Wanted,Ice Cube,1990,https://coverartarchive.org/release-group/f7e8792d-4aaf-389c-b0e5-a4bbae2bacdf/front-500,,https://music.apple.com/us/album/amerikkkas-most-wanted/723749577,"{""musicbrainz_release_group"":""f7e8792d-4aaf-389c-b0e5-a4bbae2bacdf"",""musicbrainz_series"":""6a4b53b9-2756-4afe-93f2-306039d41910""}"
188,Electric Warrior,T. Rex,1971,https://coverartarchive.org/release-group/e53310bf-8ccc-3d7f-a0b7-5ca4dbababcb/front-500,,https://music.apple.com/us/album/electric-warrior-expanded-edition-2003-remaster/5133011,"{""musicbrainz_release_group"":""e53310bf-8ccc-3d7f-a0b7-5ca4dbababcb"",""musicbrainz_series"":""6a4b53b9-2756-4afe-93f2-306039d41910""}"
189,Dig Me Out,Sleater‐Kinney,1997,https://coverartarchive.org/release-group/209b45b7-8b2f-3e07-b194-efff9cde80dd/front-500,,https://music.apple.com/us/album/dig-me-out-2014-remastered-version/906136610,"{""musicbrainz_release_group"":""209b45b7-8b2f-3e07-b194-efff9cde80dd"",""musicbrainz_series"":""6a4b53b9-2756-4afe-93f2-306039d41910""}"
190,Tommy,The Who,1969,https://coverartarchive.org/release-group/0e587339-406a-3d21-8678-73e46e250379/front-500,,https://music.apple.com/us/album/tommy/1461210985,"{""musicbrainz_release_group"":""0e587339-406a-3d21-8678-73e46e250379"",""musicbrainz_series"":""6a4b53b9-2756-4afe-93f2-306039d41910""}"
191,At Last!,Etta James,1960,https://coverartarchive.org/release-group/56933d06-34a0-3a49-8e42-7c39f8c356dd/front-500,,https://music.apple.com/us/album/at-last/1440838775,"{""musicbrainz_release_group"":""56933d06-34a0-3a49-8e42-7c39f8c356dd"",""musicbrainz_series"":""6a4b53b9-2756-4afe-93f2-306039d41910""}"
192,Licensed to Ill,Beastie Boys,1986,https://coverartarchive.org/release-group/57f5e7c8-2a6e-34a0-b4cd-0e77695bc36f/front-500,,https://music.apple.com/us/album/licensed-to-ill/1440912031,"{""musicbrainz_release_group"":""57f5e7c8-2a6e-34a0-b4cd-0e77695bc36f"",""musicbrainz_series"":""6a4b53b9-2756-4afe-93f2-306039d41910""}"
193,Willy and the Poor Boys,Creedence Clearwater Revival,1969,https://coverartarchive.org/release-group/5fdea541-32fc-3b17-b7c4-50b40f65203d/front-500,,https://music.apple.com/us/album/willy-and-the-poor-boys/1440950503,"{""musicbrainz_release_group"":""5fdea541-32fc-3b17-b7c4-50b40f65203d"",""musicbrainz_series"":""6a4b53b9-2756-4afe-93f2-306039d41910""}"
194,Bad,Michael Jackson,1987,https://coverartarchive.org/release-group/a5711a77-42d1-3f4c-830c-e27a96f0800f/front-500,,https://music.apple.com/us/album/bad/559334659,"{""musicbrainz_release_group"":""a5711a77-42d1-3f4c-830c-e27a96f0800f"",""musicbrainz_series"":""6a4b53b9-2756-4afe-93f2-306039d41910""}"
195,Songs of Leonard Cohen,Leonard Cohen,1967,https://coverartarchive.org/release-group/34291a49-8df9-304e-bd39-16b11d829d5f/front-500,,https://music.apple.com/us/album/songs-of-leonard-cohen/1826864082,"{""musicbrainz_release_group"":""34291a49-8df9-304e-bd39-16b11d829d5f"",""musicbrainz_series"":""6a4b53b9-2756-4afe-93f2-306039d41910""}"
196,Body Talk,Robyn,2010,https://coverartarchive.org/release-group/1e151a63-e906-4903-b108-b3ecf21218b4/front-500,,https://music.apple.com/us/album/body-talk-pt-3-ep/1443715051,"{""musicbrainz_release_group"":""1e151a63-e906-4903-b108-b3ecf21218b4"",""musicbrainz_series"":""6a4b53b9-2756-4afe-93f2-306039d41910""}"
197,Meet The Beatles!,The Beatles,1964,https://coverartarchive.org/release-group/c2c696fc-6beb-3dfb-bb15-7bb021ebeb5d/front-500,,,"{""musicbrainz_release_group"":""c2c696fc-6beb-3dfb-bb15-7bb021ebeb5d"",""musicbrainz_series"":""6a4b53b9-2756-4afe-93f2-306039d41910""}"
198,The B‐52’s,The B‐52s,1979,https://coverartarchive.org/release-group/68699ffe-f5fd-337a-8bb9-8a196157afa8/front-500,,https://music.apple.com/us/album/the-b-52s/983126000,"{""musicbrainz_release_group"":""68699ffe-f5fd-337a-8bb9-8a196157afa8"",""musicbrainz_series"":""6a4b53b9-2756-4afe-93f2-306039d41910""}"
199,Slanted and Enchanted,Pavement,1992,https://coverartarchive.org/release-group/869f9eac-2a40-3a41-80a3-6bf2297a7cbc/front-500,,,"{""musicbrainz_release_group"":""869f9eac-2a40-3a41-80a3-6bf2297a7cbc"",""musicbrainz_series"":""6a4b53b9-2756-4afe-93f2-306039d41910""}"
200,Diamond Life,Sade,1984,https://coverartarchive.org/release-group/af2a0c41-e612-3232-949d-bdca340c407c/front-500,,https://music.apple.com/us/album/diamond-life/1524651063,"{""musicbrainz_release_group"":""af2a0c41-e612-3232-949d-bdca340c407c"",""musicbrainz_series"":""6a4b53b9-2756-4afe-93f2-306039d41910""}"
201,Midnight Marauders,A Tribe Called Quest,1993,https://coverartarchive.org/release-group/c2afedfb-034a-3683-ad47-e4404cd7c485/front-500,,,"{""musicbrainz_release_group"":""c2afedfb-034a-3683-ad47-e4404cd7c485"",""musicbrainz_series"":""6a4b53b9-2756-4afe-93f2-306039d41910""}"
202,Homogenic,Björk,1997,https://coverartarchive.org/release-group/810272e0-aef1-3d85-b2d3-e512e87fc38c/front-500,,https://music.apple.com/us/album/homogenic-live/371572866,"{""musicbrainz_release_group"":""810272e0-aef1-3d85-b2d3-e512e87fc38c"",""musicbrainz_series"":""6a4b53b9-2756-4afe-93f2-306039d41910""}"
203,Pink Moon,Nick Drake,1972,https://coverartarchive.org/release-group/740ec10a-e887-38a6-a04d-fe2069c9e2a7/front-500,,https://music.apple.com/us/album/pink-moon/1567147188,"{""musicbrainz_release_group"":""740ec10a-e887-38a6-a04d-fe2069c9e2a7"",""musicbrainz_series"":""6a4b53b9-2756-4afe-93f2-306039d41910""}"
204,Graduation,Kanye West,2007,https://coverartarchive.org/release-group/d44c50ad-61fd-3fce-95fc-27024d7f1d30/front-500,,https://music.apple.com/us/album/graduation/1442845779,"{""musicbrainz_release_group"":""d44c50ad-61fd-3fce-95fc-27024d7f1d30"",""musicbrainz_series"":""6a4b53b9-2756-4afe-93f2-306039d41910""}"
205,Tea for the Tillerman,Cat Stevens,1970,https://coverartarchive.org/release-group/418678e7-2807-3bed-a305-11b4181e533e/front-500,,https://music.apple.com/us/album/tea-for-the-tillerman-deluxe/1535558716,"{""musicbrainz_release_group"":""418678e7-2807-3bed-a305-11b4181e533e"",""musicbrainz_series"":""6a4b53b9-2756-4afe-93f2-306039d41910""}"
206,Low,David Bowie,1977,https://coverartarchive.org/release-group/f6a51281-56c4-3538-b915-65a9d4eb29b5/front-500,,https://music.apple.com/us/album/low-2017-remaster/1347895593,"{""musicbrainz_release_group"":""f6a51281-56c4-3538-b915-65a9d4eb29b5"",""musicbrainz_series"":""6a4b53b9-2756-4afe-93f2-306039d41910""}"
207,Eagles,Eagles,1972,https://coverartarchive.org/release-group/23eafc30-3978-37fb-bfa0-8058aa1eb81a/front-500,,https://music.apple.com/us/album/eagles/635791801,"{""musicbrainz_release_group"":""23eafc30-3978-37fb-bfa0-8058aa1eb81a"",""musicbrainz_series"":""6a4b53b9-2756-4afe-93f2-306039d41910""}"
208,Tha Carter III,Lil Wayne,2008,https://coverartarchive.org/release-group/cb688885-74b2-4e9b-a18c-6102866151f2/front-500,,https://music.apple.com/us/album/tha-carter-iii/1440738372,"{""musicbrainz_release_group"":""cb688885-74b2-4e9b-a18c-6102866151f2"",""musicbrainz_series"":""6a4b53b9-2756-4afe-93f2-306039d41910""}"
209,Raising Hell,Run‐D.M.C.,1986,https://coverartarchive.org/release-group/a209c0a5-e9b2-37ff-a76d-df5bc405a0e8/front-500,,,"{""musicbrainz_release_group"":""a209c0a5-e9b2-37ff-a76d-df5bc405a0e8"",""musicbrainz_series"":""6a4b53b9-2756-4afe-93f2-306039d41910""}"
210,The Birth of Soul,Ray Charles,1991,https://coverartarchive.org/release-group/e4463406-ea59-39a6-a39b-aaa82a166633/front-500,,https://music.apple.com/us/album/the-birth-of-soul-the-complete-atlantic/275968936,"{""musicbrainz_release_group"":""e4463406-ea59-39a6-a39b-aaa82a166633"",""musicbrainz_series"":""6a4b53b9-2756-4afe-93f2-306039d41910""}"
211,Unknown Pleasures,Joy Division,1979,https://coverartarchive.org/release-group/42352def-1aab-3000-b548-895ebd869cb6/front-500,,https://music.apple.com/us/album/unknown-pleasures-2019-digital-master/1476702180,"{""musicbrainz_release_group"":""42352def-1aab-3000-b548-895ebd869cb6"",""musicbrainz_series"":""6a4b53b9-2756-4afe-93f2-306039d41910""}"
212,Wild Is the Wind,Nina Simone,1966,https://coverartarchive.org/release-group/b4433a3e-d5ad-3d99-965c-96bfb6a0f071/front-500,,https://music.apple.com/us/album/wild-is-the-wind/1469552026,"{""musicbrainz_release_group"":""b4433a3e-d5ad-3d99-965c-96bfb6a0f071"",""musicbrainz_series"":""6a4b53b9-2756-4afe-93f2-306039d41910""}"
213,The Idler Wheel Is Wiser Than the Driver of the Screw and Whipping Cords Will Serve You More Than Ropes Will Ever Do,Fiona Apple,2012,https://coverartarchive.org/release-group/6086062c-f943-4b85-b1cb-43558425ec1c/front-500,,https://music.apple.com/us/album/the-idler-wheel-is-wiser-than-the-driver-of/1462213924,"{""musicbrainz_release_group"":""6086062c-f943-4b85-b1cb-43558425ec1c"",""musicbrainz_series"":""6a4b53b9-2756-4afe-93f2-306039d41910""}"
214,Wildflowers,Tom Petty,1994,https://coverartarchive.org/release-group/80a0451a-d135-3517-96e4-3629dc4f66b9/front-500,,https://music.apple.com/us/album/wildflowers/892018539,"{""musicbrainz_release_group"":""80a0451a-d135-3517-96e4-3629dc4f66b9"",""musicbrainz_series"":""6a4b53b9-2756-4afe-93f2-306039d41910""}"
215,American Beauty,Grateful Dead,1970,https://coverartarchive.org/release-group/994c2c59-d32f-304e-8f53-bda17a254f52/front-500,,https://music.apple.com/us/album/american-beauty/664831661,"{""musicbrainz_release_group"":""994c2c59-d32f-304e-8f53-bda17a254f52"",""musicbrainz_series"":""6a4b53b9-2756-4afe-93f2-306039d41910""}"
216,Either/Or,Elliott Smith,1997,https://coverartarchive.org/release-group/dfb85157-313b-3f5f-8739-a5162bcb6345/front-500,,https://music.apple.com/us/album/either-or/313302066,"{""musicbrainz_release_group"":""dfb85157-313b-3f5f-8739-a5162bcb6345"",""musicbrainz_series"":""6a4b53b9-2756-4afe-93f2-306039d41910""}"
217,Definitely Maybe,Oasis,1994,https://coverartarchive.org/release-group/451dca98-c118-32e1-9244-c47ca9c3c0f9/front-500,,https://music.apple.com/us/album/definitely-maybe-deluxe-edition-remastered/1525936190,"{""musicbrainz_release_group"":""451dca98-c118-32e1-9244-c47ca9c3c0f9"",""musicbrainz_series"":""6a4b53b9-2756-4afe-93f2-306039d41910""}"
218,CrazySexyCool,TLC,1994,https://coverartarchive.org/release-group/3d886c06-a4c7-3431-be87-2b2940f07acd/front-500,,https://music.apple.com/us/album/crazysexycool/270246704,"{""musicbrainz_release_group"":""3d886c06-a4c7-3431-be87-2b2940f07acd"",""musicbrainz_series"":""6a4b53b9-2756-4afe-93f2-306039d41910""}"
219,Only Built 4 Cuban Linx…,Raekwon,1995,https://coverartarchive.org/release-group/ab981b48-9a7b-34c4-b46a-f6266317ce7c/front-500,,https://music.apple.com/us/album/only-built-4-cuban-linx-pt-2/716706036,"{""musicbrainz_release_group"":""ab981b48-9a7b-34c4-b46a-f6266317ce7c"",""musicbrainz_series"":""6a4b53b9-2756-4afe-93f2-306039d41910""}"
220,Déjà vu,"Crosby, Stills, Nash & Young",1970,https://coverartarchive.org/release-group/3412fd44-c6e6-3a3b-b91a-964a055192ec/front-500,,https://music.apple.com/us/album/d%C3%A9j%C3%A0-vu/321974224,"{""musicbrainz_release_group"":""3412fd44-c6e6-3a3b-b91a-964a055192ec"",""musicbrainz_series"":""6a4b53b9-2756-4afe-93f2-306039d41910""}"
221,Rage Against the Machine,Rage Against the Machine,1992,https://coverartarchive.org/release-group/1305859b-8937-397f-9c33-39f62eb672fb/front-500,,,"{""musicbrainz_release_group"":""1305859b-8937-397f-9c33-39f62eb672fb"",""musicbrainz_series"":""6a4b53b9-2756-4afe-93f2-306039d41910""}"
222,Ray of Light,Madonna,1998,https://coverartarchive.org/release-group/cb93e87f-5d21-3447-a6e8-22d44f9b0d7a/front-500,,https://music.apple.com/us/album/ray-of-light/952887,"{""musicbrainz_release_group"":""cb93e87f-5d21-3447-a6e8-22d44f9b0d7a"",""musicbrainz_series"":""6a4b53b9-2756-4afe-93f2-306039d41910""}"
223,Imagine,John Lennon,1971,https://coverartarchive.org/release-group/f242f304-0f1f-33a5-81a2-7a965b30e3b5/front-500,,https://music.apple.com/us/album/imagine/1440853752,"{""musicbrainz_release_group"":""f242f304-0f1f-33a5-81a2-7a965b30e3b5"",""musicbrainz_series"":""6a4b53b9-2756-4afe-93f2-306039d41910""}"
224,Fly,Dixie Chicks,1999,https://coverartarchive.org/release-group/e1fbdc3d-2aa4-345d-ae0e-40bfb1552431/front-500,,https://music.apple.com/us/album/fly/309893729,"{""musicbrainz_release_group"":""e1fbdc3d-2aa4-345d-ae0e-40bfb1552431"",""musicbrainz_series"":""6a4b53b9-2756-4afe-93f2-306039d41910""}"
225,Yankee Hotel Foxtrot,Wilco,2002,https://coverartarchive.org/release-group/95f2ba4b-2dd9-38d1-8158-a416a391489c/front-500,,,"{""musicbrainz_release_group"":""95f2ba4b-2dd9-38d1-8158-a416a391489c"",""musicbrainz_series"":""6a4b53b9-2756-4afe-93f2-306039d41910""}"
226,Layla and Other Assorted Love Songs,Derek and the Dominos,1970,https://coverartarchive.org/release-group/ba53dcbd-9328-3cf7-bc72-179b4512867e/front-500,,https://music.apple.com/us/album/layla-and-other-assorted-love-songs/1530983137,"{""musicbrainz_release_group"":""ba53dcbd-9328-3cf7-bc72-179b4512867e"",""musicbrainz_series"":""6a4b53b9-2756-4afe-93f2-306039d41910""}"
227,Here’s Little Richard,Little Richard,1957,https://coverartarchive.org/release-group/a987042b-4fe0-35bb-9cca-7ff44b1ff5b4/front-500,,https://music.apple.com/us/album/heres-little-richard-deluxe-edition/1440936634,"{""musicbrainz_release_group"":""a987042b-4fe0-35bb-9cca-7ff44b1ff5b4"",""musicbrainz_series"":""6a4b53b9-2756-4afe-93f2-306039d41910""}"
228,De La Soul Is Dead,De La Soul,1991,https://coverartarchive.org/release-group/0be4cdd5-ed37-3842-82ba-7f9983a34473/front-500,,https://music.apple.com/us/album/de-la-soul-is-dead/1673848395,"{""musicbrainz_release_group"":""0be4cdd5-ed37-3842-82ba-7f9983a34473"",""musicbrainz_series"":""6a4b53b9-2756-4afe-93f2-306039d41910""}"
229,The Ultimate Collection,Patsy Cline,2000,https://coverartarchive.org/release-group/c9557863-40a4-31ce-afba-6322dea9e254/front-500,,,"{""musicbrainz_release_group"":""c9557863-40a4-31ce-afba-6322dea9e254"",""musicbrainz_series"":""6a4b53b9-2756-4afe-93f2-306039d41910""}"
230,ANTI,Rihanna,2016,https://coverartarchive.org/release-group/0c482acd-35a2-466b-b833-ef5f2f1297d4/front-500,,https://music.apple.com/us/album/anti/1443230958,"{""musicbrainz_release_group"":""0c482acd-35a2-466b-b833-ef5f2f1297d4"",""musicbrainz_series"":""6a4b53b9-2756-4afe-93f2-306039d41910""}"
231,Damn the Torpedoes,Tom Petty and the Heartbreakers,1979,https://coverartarchive.org/release-group/871631b9-651c-3c2e-88ae-3a2491d9eb6b/front-500,,https://music.apple.com/us/album/damn-the-torpedoes/1440860187,"{""musicbrainz_release_group"":""871631b9-651c-3c2e-88ae-3a2491d9eb6b"",""musicbrainz_series"":""6a4b53b9-2756-4afe-93f2-306039d41910""}"
232,Giant Steps,John Coltrane,1960,https://coverartarchive.org/release-group/2cdca11d-3e45-3152-93e5-4d2a4ddb1bc6/front-500,,https://music.apple.com/us/album/giant-steps-2020-remaster/1531037502,"{""musicbrainz_release_group"":""2cdca11d-3e45-3152-93e5-4d2a4ddb1bc6"",""musicbrainz_series"":""6a4b53b9-2756-4afe-93f2-306039d41910""}"
233,Little Earthquakes,Tori Amos,1991,https://coverartarchive.org/release-group/cb10018e-e795-3b62-b9d6-f143d188e496/front-500,,https://music.apple.com/us/album/little-earthquakes-remastered/981370459,"{""musicbrainz_release_group"":""cb10018e-e795-3b62-b9d6-f143d188e496"",""musicbrainz_series"":""6a4b53b9-2756-4afe-93f2-306039d41910""}"
234,Master of Reality,Black Sabbath,1971,https://coverartarchive.org/release-group/e51e9779-2edc-3b39-959c-299fdb5ed940/front-500,,https://music.apple.com/us/album/master-of-reality/785239139,"{""musicbrainz_release_group"":""e51e9779-2edc-3b39-959c-299fdb5ed940"",""musicbrainz_series"":""6a4b53b9-2756-4afe-93f2-306039d41910""}"
235,Metallica,Metallica,1991,https://coverartarchive.org/release-group/e8f70201-8899-3f0c-9e07-5d6495bc8046/front-500,,https://music.apple.com/us/album/metallica-remastered/1572046434,"{""musicbrainz_release_group"":""e8f70201-8899-3f0c-9e07-5d6495bc8046"",""musicbrainz_series"":""6a4b53b9-2756-4afe-93f2-306039d41910""}"
236,Discovery,Daft Punk,2001,https://coverartarchive.org/release-group/48117b90-a16e-34ca-a514-19c702df1158/front-500,,https://music.apple.com/us/album/discovery/697194953,"{""musicbrainz_release_group"":""48117b90-a16e-34ca-a514-19c702df1158"",""musicbrainz_series"":""6a4b53b9-2756-4afe-93f2-306039d41910""}"
237,Red Headed Stranger,Willie Nelson,1975,https://coverartarchive.org/release-group/b51ba291-2490-3132-a85d-2094de795b63/front-500,,https://music.apple.com/us/album/red-headed-stranger/404365971,"{""musicbrainz_release_group"":""b51ba291-2490-3132-a85d-2094de795b63"",""musicbrainz_series"":""6a4b53b9-2756-4afe-93f2-306039d41910""}"
238,Trans Europa Express,Kraftwerk,1977,https://coverartarchive.org/release-group/33101a28-ae05-3a69-873c-684e336fe2df/front-500,,,"{""musicbrainz_release_group"":""33101a28-ae05-3a69-873c-684e336fe2df"",""musicbrainz_series"":""6a4b53b9-2756-4afe-93f2-306039d41910""}"
239,Criminal Minded,Boogie Down Productions,1987,https://coverartarchive.org/release-group/420e3df4-6322-3399-8144-29ef7eb62e42/front-500,,https://music.apple.com/us/album/criminal-minded-hot-club-version/1094479821,"{""musicbrainz_release_group"":""420e3df4-6322-3399-8144-29ef7eb62e42"",""musicbrainz_series"":""6a4b53b9-2756-4afe-93f2-306039d41910""}"
240,"Live at the Harlem Square Club, 1963",Sam Cooke,1985,https://coverartarchive.org/release-group/1c17ea9a-97d1-33ed-930f-f4c28222d37f/front-500,,https://music.apple.com/us/album/one-night-stand-live-at-the-harlem-square-club-1963/304822401,"{""musicbrainz_release_group"":""1c17ea9a-97d1-33ed-930f-f4c28222d37f"",""musicbrainz_series"":""6a4b53b9-2756-4afe-93f2-306039d41910""}"
241,Blue Lines,Massive Attack,1991,https://coverartarchive.org/release-group/8b6f133a-2fdf-3cc2-b84d-1c889adc0939/front-500,,https://music.apple.com/us/album/blue-lines-2012-mix-master/715864097,"{""musicbrainz_release_group"":""8b6f133a-2fdf-3cc2-b84d-1c889adc0939"",""musicbrainz_series"":""6a4b53b9-2756-4afe-93f2-306039d41910""}"
242,Loaded,The Velvet Underground,1970,https://coverartarchive.org/release-group/4be9d91f-6ed7-34b8-aa5e-45be79819273/front-500,,https://music.apple.com/us/album/loaded-remastered/1050415251,"{""musicbrainz_release_group"":""4be9d91f-6ed7-34b8-aa5e-45be79819273"",""musicbrainz_series"":""6a4b53b9-2756-4afe-93f2-306039d41910""}"
243,Odessey and Oracle,The Zombies,1968,https://coverartarchive.org/release-group/9a4a9ebf-f4f7-3dba-9b80-0b274cbc80f9/front-500,,https://music.apple.com/us/album/odessey-and-oracle-mono-remastered/1810776077,"{""musicbrainz_release_group"":""9a4a9ebf-f4f7-3dba-9b80-0b274cbc80f9"",""musicbrainz_series"":""6a4b53b9-2756-4afe-93f2-306039d41910""}"
244,808s & Heartbreak,Kanye West,2008,https://coverartarchive.org/release-group/1c1b50ec-828b-3d7c-9b1b-54cb1fe97d55/front-500,,https://music.apple.com/us/album/808s-heartbreak/1440895024,"{""musicbrainz_release_group"":""1c1b50ec-828b-3d7c-9b1b-54cb1fe97d55"",""musicbrainz_series"":""6a4b53b9-2756-4afe-93f2-306039d41910""}"
245,Heaven or Las Vegas,Cocteau Twins,1990,https://coverartarchive.org/release-group/12fab6b9-4eaf-33b0-963e-cae03ac332fe/front-500,,https://music.apple.com/us/album/heaven-or-las-vegas-remastered/258198881,"{""musicbrainz_release_group"":""12fab6b9-4eaf-33b0-963e-cae03ac332fe"",""musicbrainz_series"":""6a4b53b9-2756-4afe-93f2-306039d41910""}"
246,Mama Said Knock You Out,L.L. Cool J,1990,https://coverartarchive.org/release-group/a1440823-4a3f-38c3-8649-a346a86fe1ec/front-500,,,"{""musicbrainz_release_group"":""a1440823-4a3f-38c3-8649-a346a86fe1ec"",""musicbrainz_series"":""6a4b53b9-2756-4afe-93f2-306039d41910""}"
247,Love Deluxe,Sade,1992,https://coverartarchive.org/release-group/e4a67add-6aab-390c-bb82-53939fb9cd0a/front-500,,https://music.apple.com/us/album/love-deluxe/158796559,"{""musicbrainz_release_group"":""e4a67add-6aab-390c-bb82-53939fb9cd0a"",""musicbrainz_series"":""6a4b53b9-2756-4afe-93f2-306039d41910""}"
248,American Idiot,Green Day,2004,https://coverartarchive.org/release-group/de9bf827-a9b0-348b-a7c9-556c03c3fb07/front-500,,,"{""musicbrainz_release_group"":""de9bf827-a9b0-348b-a7c9-556c03c3fb07"",""musicbrainz_series"":""6a4b53b9-2756-4afe-93f2-306039d41910""}"
249,Whitney Houston,Whitney Houston,1985,https://coverartarchive.org/release-group/131d12c0-e720-31df-a2f9-d9abd868ceaf/front-500,,https://music.apple.com/us/album/whitney-houston/1784790555,"{""musicbrainz_release_group"":""131d12c0-e720-31df-a2f9-d9abd868ceaf"",""musicbrainz_series"":""6a4b53b9-2756-4afe-93f2-306039d41910""}"
250,Singles Going Steady,Buzzcocks,1979,https://coverartarchive.org/release-group/6a537b72-0bd3-38c5-8aa1-0527e6e9a2f3/front-500,,https://music.apple.com/us/album/singles-going-steady-2019-remastered-version/1458533505,"{""musicbrainz_release_group"":""6a537b72-0bd3-38c5-8aa1-0527e6e9a2f3"",""musicbrainz_series"":""6a4b53b9-2756-4afe-93f2-306039d41910""}"
251,Honky Château,Elton John,1972,https://coverartarchive.org/release-group/e17f2d6e-7849-37f9-a6d8-cda4d59cea28/front-500,,https://music.apple.com/us/album/honky-ch%C3%A2teau-bonus-track-version/1440910513,"{""musicbrainz_release_group"":""e17f2d6e-7849-37f9-a6d8-cda4d59cea28"",""musicbrainz_series"":""6a4b53b9-2756-4afe-93f2-306039d41910""}"
252,Q: Are We Not Men? A: We Are Devo!,DEVO,1978,https://coverartarchive.org/release-group/60a754f9-50e1-346a-97db-925a1e2ad7e0/front-500,,https://music.apple.com/us/album/q-are-we-not-men-a-we-are-devo/335252211,"{""musicbrainz_release_group"":""60a754f9-50e1-346a-97db-925a1e2ad7e0"",""musicbrainz_series"":""6a4b53b9-2756-4afe-93f2-306039d41910""}"
253,The Piper at the Gates of Dawn,Pink Floyd,1967,https://coverartarchive.org/release-group/6792b6d1-4e65-3c3c-9d20-d08aa1dcfc60/front-500,,https://music.apple.com/us/album/the-piper-at-the-gates-of-dawn/1065975041,"{""musicbrainz_release_group"":""6792b6d1-4e65-3c3c-9d20-d08aa1dcfc60"",""musicbrainz_series"":""6a4b53b9-2756-4afe-93f2-306039d41910""}"
254,Head Hunters,Herbie Hancock,1973,https://coverartarchive.org/release-group/322f18bb-5491-38e9-9044-c0a468651eec/front-500,,https://music.apple.com/us/album/head-hunters/158571524,"{""musicbrainz_release_group"":""322f18bb-5491-38e9-9044-c0a468651eec"",""musicbrainz_series"":""6a4b53b9-2756-4afe-93f2-306039d41910""}"
255,The Freewheelin’ Bob Dylan,Bob Dylan,1963,https://coverartarchive.org/release-group/169b62aa-c3a5-3ed9-bed1-cc47c4bc51ad/front-500,,https://music.apple.com/us/album/the-freewheelin-bob-dylan/190758914,"{""musicbrainz_release_group"":""169b62aa-c3a5-3ed9-bed1-cc47c4bc51ad"",""musicbrainz_series"":""6a4b53b9-2756-4afe-93f2-306039d41910""}"
256,Tracy Chapman,Tracy Chapman,1988,https://coverartarchive.org/release-group/a738bdf1-f610-30aa-9ae7-9a4f90d6f2d7/front-500,,https://music.apple.com/us/album/tracy-chapman/79565550,"{""musicbrainz_release_group"":""a738bdf1-f610-30aa-9ae7-9a4f90d6f2d7"",""musicbrainz_series"":""6a4b53b9-2756-4afe-93f2-306039d41910""}"
257,Coat of Many Colors,Dolly Parton,1971,https://coverartarchive.org/release-group/2c98f21a-e2af-3412-a253-de9a1e06d7f7/front-500,,https://music.apple.com/us/album/coat-of-many-colors/217532812,"{""musicbrainz_release_group"":""2c98f21a-e2af-3412-a253-de9a1e06d7f7"",""musicbrainz_series"":""6a4b53b9-2756-4afe-93f2-306039d41910""}"
258,The Hissing of Summer Lawns,Joni Mitchell,1975,https://coverartarchive.org/release-group/169a1a7e-f91e-3b10-a136-d94eba6eee2e/front-500,,https://music.apple.com/us/album/the-hissing-of-summer-lawns/1492375094,"{""musicbrainz_release_group"":""169a1a7e-f91e-3b10-a136-d94eba6eee2e"",""musicbrainz_series"":""6a4b53b9-2756-4afe-93f2-306039d41910""}"
259,Pearl,Janis Joplin,1971,https://coverartarchive.org/release-group/99878359-e736-3cdc-a225-548ad17d1c76/front-500,,https://music.apple.com/us/album/pearl/917030890,"{""musicbrainz_release_group"":""99878359-e736-3cdc-a225-548ad17d1c76"",""musicbrainz_series"":""6a4b53b9-2756-4afe-93f2-306039d41910""}"
260,Cut,The Slits,1979,https://coverartarchive.org/release/826dea98-e427-351e-a692-adc00a74f5a0/front-500,,,"{""musicbrainz_release_group"":""116b94a2-4361-3ec2-af92-270d97dc10f9"",""musicbrainz_series"":""6a4b53b9-2756-4afe-93f2-306039d41910""}"
261,Check Your Head,Beastie Boys,1992,https://coverartarchive.org/release-group/b0935b00-1380-3777-b79d-bd49ef5fb9c0/front-500,,,"{""musicbrainz_release_group"":""b0935b00-1380-3777-b79d-bd49ef5fb9c0"",""musicbrainz_series"":""6a4b53b9-2756-4afe-93f2-306039d41910""}"
262,"Power, Corruption & Lies",New Order,1983,https://coverartarchive.org/release-group/16cc9dfc-594d-3fb9-b789-3e1bfcb6f9f8/front-500,,https://music.apple.com/us/album/power-corruption-lies/1040981945,"{""musicbrainz_release_group"":""16cc9dfc-594d-3fb9-b789-3e1bfcb6f9f8"",""musicbrainz_series"":""6a4b53b9-2756-4afe-93f2-306039d41910""}"
263,A Hard Day’s Night,The Beatles,1964,https://coverartarchive.org/release-group/06281c4d-112d-33b0-a25b-df63b420eae7/front-500,,https://music.apple.com/us/album/a-hard-days-night/1441164416,"{""musicbrainz_release_group"":""06281c4d-112d-33b0-a25b-df63b420eae7"",""musicbrainz_series"":""6a4b53b9-2756-4afe-93f2-306039d41910""}"
264,Wish You Were Here,Pink Floyd,1975,https://coverartarchive.org/release-group/1a272023-10d3-38ee-bab3-317b55fcc21d/front-500,,https://music.apple.com/us/album/wish-you-were-here/1065973975,"{""musicbrainz_release_group"":""1a272023-10d3-38ee-bab3-317b55fcc21d"",""musicbrainz_series"":""6a4b53b9-2756-4afe-93f2-306039d41910""}"
265,Wowee Zowee,Pavement,1995,https://coverartarchive.org/release-group/fa79988d-62b5-3039-9169-ed0d17d53296/front-500,,,"{""musicbrainz_release_group"":""fa79988d-62b5-3039-9169-ed0d17d53296"",""musicbrainz_series"":""6a4b53b9-2756-4afe-93f2-306039d41910""}"
266,Help!,The Beatles,1965,https://coverartarchive.org/release-group/0d44e1cb-c6e0-3453-8b68-4d2082f05421/front-500,,https://music.apple.com/us/album/help/1441164524,"{""musicbrainz_release_group"":""0d44e1cb-c6e0-3453-8b68-4d2082f05421"",""musicbrainz_series"":""6a4b53b9-2756-4afe-93f2-306039d41910""}"
267,Double Nickels on the Dime,Minutemen,1984,https://coverartarchive.org/release-group/0bcb9f3e-e341-3ed5-ac5b-8ed5e17f9a7e/front-500,,,"{""musicbrainz_release_group"":""0bcb9f3e-e341-3ed5-ac5b-8ed5e17f9a7e"",""musicbrainz_series"":""6a4b53b9-2756-4afe-93f2-306039d41910""}"
268,Sail Away,Randy Newman,1972,https://coverartarchive.org/release-group/d1c0b3db-6b93-3b9d-9479-0d60486120cb/front-500,,https://music.apple.com/us/album/sail-away-bonus-tracks-version-2002-remaster/51963348,"{""musicbrainz_release_group"":""d1c0b3db-6b93-3b9d-9479-0d60486120cb"",""musicbrainz_series"":""6a4b53b9-2756-4afe-93f2-306039d41910""}"
269,Yeezus,Kanye West,2013,https://coverartarchive.org/release-group/5d4d0f2d-9be7-4922-bc9a-cbd2880b12c2/front-500,,https://music.apple.com/us/album/ye/1441460375,"{""musicbrainz_release_group"":""5d4d0f2d-9be7-4922-bc9a-cbd2880b12c2"",""musicbrainz_series"":""6a4b53b9-2756-4afe-93f2-306039d41910""}"
270,Golden Hour,Kacey Musgraves,2018,https://coverartarchive.org/release-group/56713bde-f9de-4097-bbe3-41d9d7af32c4/front-500,,https://music.apple.com/us/album/golden-hour/1440918116,"{""musicbrainz_release_group"":""56713bde-f9de-4097-bbe3-41d9d7af32c4"",""musicbrainz_series"":""6a4b53b9-2756-4afe-93f2-306039d41910""}"
271,What’s the 411?,Mary J. Blige,1992,https://coverartarchive.org/release-group/8debe6e5-7fd1-35ee-9d3f-96523536b9f8/front-500,,,"{""musicbrainz_release_group"":""8debe6e5-7fd1-35ee-9d3f-96523536b9f8"",""musicbrainz_series"":""6a4b53b9-2756-4afe-93f2-306039d41910""}"
272,White Light/White Heat,The Velvet Underground,1968,https://coverartarchive.org/release-group/fc0885e0-0284-3f9d-81ee-17c5e7196346/front-500,,https://music.apple.com/us/album/white-light-white-heat-deluxe-edition/1469584557,"{""musicbrainz_release_group"":""fc0885e0-0284-3f9d-81ee-17c5e7196346"",""musicbrainz_series"":""6a4b53b9-2756-4afe-93f2-306039d41910""}"
273,Entertainment!,Gang of Four,1979,https://coverartarchive.org/release-group/d0493944-992b-3534-9174-8320c1879837/front-500,,https://music.apple.com/us/album/entertainment-remastered/1586472605,"{""musicbrainz_release_group"":""d0493944-992b-3534-9174-8320c1879837"",""musicbrainz_series"":""6a4b53b9-2756-4afe-93f2-306039d41910""}"
274,Sweetheart of the Rodeo,The Byrds,1968,https://coverartarchive.org/release-group/2a02ea31-7a7f-3a46-8a46-aebfac434a81/front-500,,https://music.apple.com/us/album/sweetheart-of-the-rodeo-reissue-edition-with-bonus-tracks/170506766,"{""musicbrainz_release_group"":""2a02ea31-7a7f-3a46-8a46-aebfac434a81"",""musicbrainz_series"":""6a4b53b9-2756-4afe-93f2-306039d41910""}"
275,Curtis,Curtis Mayfield,1970,https://coverartarchive.org/release-group/0c24e81f-b710-3e24-a4fa-12950e153585/front-500,,https://music.apple.com/us/album/curtis-expanded-edition/29168201,"{""musicbrainz_release_group"":""0c24e81f-b710-3e24-a4fa-12950e153585"",""musicbrainz_series"":""6a4b53b9-2756-4afe-93f2-306039d41910""}"
276,The Bends,Radiohead,1994,https://coverartarchive.org/release-group/b8048f24-c026-3398-b23a-b5e50716cbc7/front-500,,https://music.apple.com/us/album/the-bends/1097862703,"{""musicbrainz_release_group"":""b8048f24-c026-3398-b23a-b5e50716cbc7"",""musicbrainz_series"":""6a4b53b9-2756-4afe-93f2-306039d41910""}"
277,The Diary of Alicia Keys,Alicia Keys,2003,https://coverartarchive.org/release-group/e53e291f-9a9c-38a0-96e0-86a9b63b776d/front-500,,https://music.apple.com/us/album/the-diary-of-alicia-keys/255342344,"{""musicbrainz_release_group"":""e53e291f-9a9c-38a0-96e0-86a9b63b776d"",""musicbrainz_series"":""6a4b53b9-2756-4afe-93f2-306039d41910""}"
278,Houses of the Holy,Led Zeppelin,1973,https://coverartarchive.org/release-group/9b5006e5-b276-3a05-bcdd-8d986842320b/front-500,,https://music.apple.com/us/album/houses-of-the-holy-remastered/580707916,"{""musicbrainz_release_group"":""9b5006e5-b276-3a05-bcdd-8d986842320b"",""musicbrainz_series"":""6a4b53b9-2756-4afe-93f2-306039d41910""}"
279,MTV Unplugged in New York,Nirvana,1994,https://coverartarchive.org/release-group/fb3770f6-83fb-32b7-85c4-1f522a92287e/front-500,,https://music.apple.com/us/album/mtv-unplugged-in-new-york-live-acoustic/1440892370,"{""musicbrainz_release_group"":""fb3770f6-83fb-32b7-85c4-1f522a92287e"",""musicbrainz_series"":""6a4b53b9-2756-4afe-93f2-306039d41910""}"
280,Get Rich or Die Tryin’,50 Cent,2003,https://coverartarchive.org/release-group/f624ead2-e4ba-4e52-bea5-4362b1c67b14/front-500,,https://music.apple.com/us/album/get-rich-or-die-tryin-bonus-track-version/1440907378,"{""musicbrainz_release_group"":""f624ead2-e4ba-4e52-bea5-4362b1c67b14"",""musicbrainz_series"":""6a4b53b9-2756-4afe-93f2-306039d41910""}"
281,Nilsson Schmilsson,Nilsson,1971,https://coverartarchive.org/release-group/19a185f4-f683-3d00-9571-7378ea276068/front-500,,https://music.apple.com/us/album/nilsson-schmilsson/304815001,"{""musicbrainz_release_group"":""19a185f4-f683-3d00-9571-7378ea276068"",""musicbrainz_series"":""6a4b53b9-2756-4afe-93f2-306039d41910""}"
282,In the Wee Small Hours,Frank Sinatra,1955,https://coverartarchive.org/release-group/5a5d9938-38a9-3f32-b03b-8f14f62b880a/front-500,,https://music.apple.com/us/album/in-the-wee-small-hours/1440815019,"{""musicbrainz_release_group"":""5a5d9938-38a9-3f32-b03b-8f14f62b880a"",""musicbrainz_series"":""6a4b53b9-2756-4afe-93f2-306039d41910""}"
283,Bad Girls,Donna Summer,1979,https://coverartarchive.org/release-group/f7568cc7-4c09-3a47-abbc-593e7aaac7d6/front-500,,https://music.apple.com/us/album/bad-girls/1425179100,"{""musicbrainz_release_group"":""f7568cc7-4c09-3a47-abbc-593e7aaac7d6"",""musicbrainz_series"":""6a4b53b9-2756-4afe-93f2-306039d41910""}"
284,Down Every Road,Merle Haggard,1996,https://coverartarchive.org/release-group/cea6248e-5d05-33be-b6c4-a8a284fe5b3e/front-500,,https://music.apple.com/us/album/down-every-road-1962-1994/716720126,"{""musicbrainz_release_group"":""cea6248e-5d05-33be-b6c4-a8a284fe5b3e"",""musicbrainz_series"":""6a4b53b9-2756-4afe-93f2-306039d41910""}"
285,3rd,Big Star,1978,https://coverartarchive.org/release-group/c52726bf-b188-373a-8cf0-95c3ed422fba/front-500,,,"{""musicbrainz_release_group"":""c52726bf-b188-373a-8cf0-95c3ed422fba"",""musicbrainz_series"":""6a4b53b9-2756-4afe-93f2-306039d41910""}"
286,Californication,Red Hot Chili Peppers,1999,https://coverartarchive.org/release-group/ca5dfcc3-83fb-3eee-9061-c27296b77b2c/front-500,,,"{""musicbrainz_release_group"":""ca5dfcc3-83fb-3eee-9061-c27296b77b2c"",""musicbrainz_series"":""6a4b53b9-2756-4afe-93f2-306039d41910""}"
287,Mr. Tambourine Man,The Byrds,1965,https://coverartarchive.org/release-group/2b83d3e4-d461-31d6-9e2a-c99b69421e28/front-500,,https://music.apple.com/us/album/mr-tambourine-man-reissue-edition-with-bonus-tracks/153421296,"{""musicbrainz_release_group"":""2b83d3e4-d461-31d6-9e2a-c99b69421e28"",""musicbrainz_series"":""6a4b53b9-2756-4afe-93f2-306039d41910""}"
288,The Modern Lovers,The Modern Lovers,1976,https://coverartarchive.org/release-group/91e1f88a-f081-3639-9972-0d46b3d3b616/front-500,,https://music.apple.com/us/album/the-modern-lovers/1433774364,"{""musicbrainz_release_group"":""91e1f88a-f081-3639-9972-0d46b3d3b616"",""musicbrainz_series"":""6a4b53b9-2756-4afe-93f2-306039d41910""}"
289,Post,Björk,1995,https://coverartarchive.org/release-group/b2a6e057-087d-3ae5-a6e5-7f5fa39808ff/front-500,,https://music.apple.com/us/album/post/300205609,"{""musicbrainz_release_group"":""b2a6e057-087d-3ae5-a6e5-7f5fa39808ff"",""musicbrainz_series"":""6a4b53b9-2756-4afe-93f2-306039d41910""}"
290,Speakerboxxx / The Love Below,OutKast,2003,https://coverartarchive.org/release-group/fa64febd-61e0-346e-aaa2-04564ed4f0a3/front-500,,https://music.apple.com/us/album/speakerboxxx-the-love-below/1774798661,"{""musicbrainz_release_group"":""fa64febd-61e0-346e-aaa2-04564ed4f0a3"",""musicbrainz_series"":""6a4b53b9-2756-4afe-93f2-306039d41910""}"
291,The Writing’s on the Wall,Destiny’s Child,1999,https://coverartarchive.org/release-group/7bfda0d3-5747-3f7c-a60f-065b6ea29db1/front-500,,https://music.apple.com/us/album/the-writings-on-the-wall/266809606,"{""musicbrainz_release_group"":""7bfda0d3-5747-3f7c-a60f-065b6ea29db1"",""musicbrainz_series"":""6a4b53b9-2756-4afe-93f2-306039d41910""}"
292,Van Halen,Van Halen,1978,https://coverartarchive.org/release-group/43a0e8b5-6059-397f-81e6-b8df5a648496/front-500,,https://music.apple.com/us/album/van-halen/976820530,"{""musicbrainz_release_group"":""43a0e8b5-6059-397f-81e6-b8df5a648496"",""musicbrainz_series"":""6a4b53b9-2756-4afe-93f2-306039d41910""}"
293,Last Splash,The Breeders,1993,https://coverartarchive.org/release-group/7aaf0618-292c-3474-bfbc-d831baf710cf/front-500,,https://music.apple.com/us/album/last-splash/1251495447,"{""musicbrainz_release_group"":""7aaf0618-292c-3474-bfbc-d831baf710cf"",""musicbrainz_series"":""6a4b53b9-2756-4afe-93f2-306039d41910""}"
294,Weezer,Weezer,1994,https://coverartarchive.org/release-group/c7b245c9-8099-32ea-af95-893acedde2cf/front-500,,https://music.apple.com/us/album/weezer-deluxe-edition/1440869641,"{""musicbrainz_release_group"":""c7b245c9-8099-32ea-af95-893acedde2cf"",""musicbrainz_series"":""6a4b53b9-2756-4afe-93f2-306039d41910""}"
295,Random Access Memories,Daft Punk,2013,https://coverartarchive.org/release-group/aa997ea0-2936-40bd-884d-3af8a0e064dc/front-500,,https://music.apple.com/us/album/random-access-memories/617154241,"{""musicbrainz_release_group"":""aa997ea0-2936-40bd-884d-3af8a0e064dc"",""musicbrainz_series"":""6a4b53b9-2756-4afe-93f2-306039d41910""}"
296,Rust Never Sleeps,Neil Young & Crazy Horse,1979,https://coverartarchive.org/release-group/a710c7c7-46e6-36ca-9c3c-87c8e79f8daf/front-500,,https://music.apple.com/us/album/rust-never-sleeps/1015767135,"{""musicbrainz_release_group"":""a710c7c7-46e6-36ca-9c3c-87c8e79f8daf"",""musicbrainz_series"":""6a4b53b9-2756-4afe-93f2-306039d41910""}"
297,So,Peter Gabriel,1986,https://coverartarchive.org/release-group/be3cc3e7-bdb0-3c13-a60b-a985b30eb603/front-500,,https://music.apple.com/us/album/so/986800858,"{""musicbrainz_release_group"":""be3cc3e7-bdb0-3c13-a60b-a985b30eb603"",""musicbrainz_series"":""6a4b53b9-2756-4afe-93f2-306039d41910""}"
298,Full Moon Fever,Tom Petty,1989,https://coverartarchive.org/release-group/ffbef03e-3651-39db-8a2f-e140dc5aa219/front-500,,https://music.apple.com/us/album/full-moon-fever/1440825367,"{""musicbrainz_release_group"":""ffbef03e-3651-39db-8a2f-e140dc5aa219"",""musicbrainz_series"":""6a4b53b9-2756-4afe-93f2-306039d41910""}"
299,Live at the Regal,B.B. King,1965,https://coverartarchive.org/release-group/a4d2a86c-bbd6-352b-b9fa-f9da86df842c/front-500,,https://music.apple.com/us/album/live-at-the-regal/1440831941,"{""musicbrainz_release_group"":""a4d2a86c-bbd6-352b-b9fa-f9da86df842c"",""musicbrainz_series"":""6a4b53b9-2756-4afe-93f2-306039d41910""}"
300,Come On Over,Shania Twain,1997,https://coverartarchive.org/release-group/45bcf3e0-a274-3bdd-9130-299a5ef780ea/front-500,,https://music.apple.com/us/album/come-on-over/1445668706,"{""musicbrainz_release_group"":""45bcf3e0-a274-3bdd-9130-299a5ef780ea"",""musicbrainz_series"":""6a4b53b9-2756-4afe-93f2-306039d41910""}"
301,New York Dolls,New York Dolls,1973,https://coverartarchive.org/release-group/4cdd4c59-e38f-382b-b01c-e69829faa69c/front-500,,https://music.apple.com/us/album/new-york-dolls/1445885111,"{""musicbrainz_release_group"":""4cdd4c59-e38f-382b-b01c-e69829faa69c"",""musicbrainz_series"":""6a4b53b9-2756-4afe-93f2-306039d41910""}"
302,Tonight’s the Night,Neil Young,1975,https://coverartarchive.org/release-group/e0207e33-af06-3862-baba-f42ca722de0d/front-500,,https://music.apple.com/us/album/tonights-the-night/1015773462,"{""musicbrainz_release_group"":""e0207e33-af06-3862-baba-f42ca722de0d"",""musicbrainz_series"":""6a4b53b9-2756-4afe-93f2-306039d41910""}"
303,The Definitive Collection,ABBA,2001,https://coverartarchive.org/release-group/e2996feb-86b9-3550-88ec-f1c9c9af3961/front-500,,,"{""musicbrainz_release_group"":""e2996feb-86b9-3550-88ec-f1c9c9af3961"",""musicbrainz_series"":""6a4b53b9-2756-4afe-93f2-306039d41910""}"
304,Just As I Am,Bill Withers,1971,https://coverartarchive.org/release-group/a72ee504-15b5-343c-bfd7-e71f9272e0e5/front-500,,https://music.apple.com/us/album/just-as-i-am/293521570,"{""musicbrainz_release_group"":""a72ee504-15b5-343c-bfd7-e71f9272e0e5"",""musicbrainz_series"":""6a4b53b9-2756-4afe-93f2-306039d41910""}"
305,Alive!,KISS,1975,https://coverartarchive.org/release-group/aa876c87-138c-339b-8176-abacb4e45259/front-500,,https://music.apple.com/us/album/alive-live-1975-2025-remaster/1853653621,"{""musicbrainz_release_group"":""aa876c87-138c-339b-8176-abacb4e45259"",""musicbrainz_series"":""6a4b53b9-2756-4afe-93f2-306039d41910""}"
306,I’m Still in Love With You,Al Green,1972,https://coverartarchive.org/release-group/4a40960b-44b3-313c-8540-cde054d41bd9/front-500,,https://music.apple.com/us/album/im-still-in-love-with-you/1133378411,"{""musicbrainz_release_group"":""4a40960b-44b3-313c-8540-cde054d41bd9"",""musicbrainz_series"":""6a4b53b9-2756-4afe-93f2-306039d41910""}"
307,Portrait of a Legend 1951–1964,Sam Cooke,2003,https://coverartarchive.org/release-group/38d697fd-bdf6-3800-bbff-2078456d4c4c/front-500,,https://music.apple.com/us/album/portrait-of-a-legend-1951-1964/1440771554,"{""musicbrainz_release_group"":""38d697fd-bdf6-3800-bbff-2078456d4c4c"",""musicbrainz_series"":""6a4b53b9-2756-4afe-93f2-306039d41910""}"
308,Here Come the Warm Jets,Brian Eno,1973,https://coverartarchive.org/release-group/90d9be4c-30be-3e28-949a-66ee22c3a63a/front-500,,https://music.apple.com/us/album/here-come-the-warm-jets/723783174,"{""musicbrainz_release_group"":""90d9be4c-30be-3e28-949a-66ee22c3a63a"",""musicbrainz_series"":""6a4b53b9-2756-4afe-93f2-306039d41910""}"
309,Closer,Joy Division,1980,https://coverartarchive.org/release-group/852f9715-24b3-37d5-b8a5-456f5e19b41e/front-500,,https://music.apple.com/us/album/closer-collectors-edition/266610001,"{""musicbrainz_release_group"":""852f9715-24b3-37d5-b8a5-456f5e19b41e"",""musicbrainz_series"":""6a4b53b9-2756-4afe-93f2-306039d41910""}"
310,Pink Flag,Wire,1977,https://coverartarchive.org/release-group/9facb8b5-4b02-3f28-9f4a-61cb9b8fd7aa/front-500,,,"{""musicbrainz_release_group"":""9facb8b5-4b02-3f28-9f4a-61cb9b8fd7aa"",""musicbrainz_series"":""6a4b53b9-2756-4afe-93f2-306039d41910""}"
311,On the Beach,Neil Young,1974,https://coverartarchive.org/release-group/f4174531-b783-3786-b75f-4fe61a8f6333/front-500,,https://music.apple.com/us/album/on-the-beach/1015732002,"{""musicbrainz_release_group"":""f4174531-b783-3786-b75f-4fe61a8f6333"",""musicbrainz_series"":""6a4b53b9-2756-4afe-93f2-306039d41910""}"
312,A Seat at the Table,Solange,2016,https://coverartarchive.org/release-group/331a7ba1-fae2-4881-b434-554f46c13746/front-500,,,"{""musicbrainz_release_group"":""331a7ba1-fae2-4881-b434-554f46c13746"",""musicbrainz_series"":""6a4b53b9-2756-4afe-93f2-306039d41910""}"
313,"Stories From the City, Stories From the Sea",PJ Harvey,2000,https://coverartarchive.org/release-group/71641af7-d122-326a-b0bb-f76a8d09810c/front-500,,https://music.apple.com/us/album/stories-from-the-city-stories-from-the-sea/1440922247,"{""musicbrainz_release_group"":""71641af7-d122-326a-b0bb-f76a8d09810c"",""musicbrainz_series"":""6a4b53b9-2756-4afe-93f2-306039d41910""}"
314,One in a Million,Aaliyah,1996,https://coverartarchive.org/release-group/776a71f8-2071-3743-aab4-83436df1b366/front-500,,https://music.apple.com/us/album/one-in-a-million/1769721510,"{""musicbrainz_release_group"":""776a71f8-2071-3743-aab4-83436df1b366"",""musicbrainz_series"":""6a4b53b9-2756-4afe-93f2-306039d41910""}"
315,EL MAL QUERER,ROSALÍA,2018,https://coverartarchive.org/release-group/bb525db3-81e4-4c05-b529-23fa05f35c12/front-500,,https://music.apple.com/us/album/el-mal-querer/1436309944,"{""musicbrainz_release_group"":""bb525db3-81e4-4c05-b529-23fa05f35c12"",""musicbrainz_series"":""6a4b53b9-2756-4afe-93f2-306039d41910""}"
316,The Who Sell Out,The Who,1967,https://coverartarchive.org/release-group/aa02a102-f7b5-3584-8d21-bd9c560effb6/front-500,,https://music.apple.com/us/album/the-who-sell-out-super-deluxe/1550182151,"{""musicbrainz_release_group"":""aa02a102-f7b5-3584-8d21-bd9c560effb6"",""musicbrainz_series"":""6a4b53b9-2756-4afe-93f2-306039d41910""}"
317,Lady in Satin,Billie Holiday,1958,https://coverartarchive.org/release-group/cf7bc239-a3ba-3d87-80e5-261f750cb560/front-500,,https://music.apple.com/us/album/lady-in-satin/1689286255,"{""musicbrainz_release_group"":""cf7bc239-a3ba-3d87-80e5-261f750cb560"",""musicbrainz_series"":""6a4b53b9-2756-4afe-93f2-306039d41910""}"
318,The Velvet Rope,Janet Jackson,1997,https://coverartarchive.org/release-group/5bb501c6-2e78-393d-bcac-27d7d1b44a27/front-500,,,"{""musicbrainz_release_group"":""5bb501c6-2e78-393d-bcac-27d7d1b44a27"",""musicbrainz_series"":""6a4b53b9-2756-4afe-93f2-306039d41910""}"
319,The Stone Roses,The Stone Roses,1989,https://coverartarchive.org/release-group/88b86fe0-26f5-3949-817a-8082145e704d/front-500,,https://music.apple.com/us/album/the-stone-roses-remastered-2009/322969529,"{""musicbrainz_release_group"":""88b86fe0-26f5-3949-817a-8082145e704d"",""musicbrainz_series"":""6a4b53b9-2756-4afe-93f2-306039d41910""}"
320,Los Angeles,X,1980,https://coverartarchive.org/release-group/700da083-bd95-3301-91f1-af571a001414/front-500,,https://music.apple.com/us/album/los-angeles/1416228338,"{""musicbrainz_release_group"":""700da083-bd95-3301-91f1-af571a001414"",""musicbrainz_series"":""6a4b53b9-2756-4afe-93f2-306039d41910""}"
321,Norman Fucking Rockwell!,Lana Del Rey,2019,https://coverartarchive.org/release-group/24fd0887-9e83-42e3-b27e-e7f89ead4c03/front-500,,,"{""musicbrainz_release_group"":""24fd0887-9e83-42e3-b27e-e7f89ead4c03"",""musicbrainz_series"":""6a4b53b9-2756-4afe-93f2-306039d41910""}"
322,From Elvis in Memphis,Elvis Presley,1969,https://coverartarchive.org/release-group/2a753764-89d5-3b72-8dff-8c599f1ea925/front-500,,https://music.apple.com/us/album/from-elvis-in-memphis/1138094621,"{""musicbrainz_release_group"":""2a753764-89d5-3b72-8dff-8c599f1ea925"",""musicbrainz_series"":""6a4b53b9-2756-4afe-93f2-306039d41910""}"
323,Sandinista!,The Clash,1980,https://coverartarchive.org/release-group/ff729e76-b7c5-3877-bf7d-bbad4fde43cb/front-500,,,"{""musicbrainz_release_group"":""ff729e76-b7c5-3877-bf7d-bbad4fde43cb"",""musicbrainz_series"":""6a4b53b9-2756-4afe-93f2-306039d41910""}"
324,A Rush of Blood to the Head,Coldplay,2002,https://coverartarchive.org/release-group/120c786d-a3b2-3c19-b4ff-2b7b3b4435bf/front-500,,https://music.apple.com/us/album/a-rush-of-blood-to-the-head/1122775993,"{""musicbrainz_release_group"":""120c786d-a3b2-3c19-b4ff-2b7b3b4435bf"",""musicbrainz_series"":""6a4b53b9-2756-4afe-93f2-306039d41910""}"
325,All Killer No Filler! The Jerry Lee Lewis Anthology,Jerry Lee Lewis,1993,https://coverartarchive.org/release-group/d452a649-644b-326d-b9cf-418f39ac2902/front-500,,https://music.apple.com/us/album/jerry-lee-lewis/1890334965,"{""musicbrainz_release_group"":""d452a649-644b-326d-b9cf-418f39ac2902"",""musicbrainz_series"":""6a4b53b9-2756-4afe-93f2-306039d41910""}"
326,Dirty Mind,Prince,1980,https://coverartarchive.org/release-group/4f19b946-6ecb-3801-9248-cc44e9e9a284/front-500,,,"{""musicbrainz_release_group"":""4f19b946-6ecb-3801-9248-cc44e9e9a284"",""musicbrainz_series"":""6a4b53b9-2756-4afe-93f2-306039d41910""}"
327,Live at Leeds,The Who,1970,https://coverartarchive.org/release-group/0ba3b960-9b4b-3191-bcc5-1e51169e5955/front-500,,https://music.apple.com/us/album/live-at-leeds-deluxe-edition-2001-remaster/1440859591,"{""musicbrainz_release_group"":""0ba3b960-9b4b-3191-bcc5-1e51169e5955"",""musicbrainz_series"":""6a4b53b9-2756-4afe-93f2-306039d41910""}"
328,Modern Vampires of the City,Vampire Weekend,2013,https://coverartarchive.org/release-group/eb143c5a-9a85-4bce-a78c-f7faf72c0169/front-500,,https://music.apple.com/us/album/modern-vampires-of-the-city/613184430,"{""musicbrainz_release_group"":""eb143c5a-9a85-4bce-a78c-f7faf72c0169"",""musicbrainz_series"":""6a4b53b9-2756-4afe-93f2-306039d41910""}"
329,Endtroducing.....,DJ Shadow,1996,https://coverartarchive.org/release-group/4b2186f5-ff00-3227-ae11-783ba93e1089/front-500,,,"{""musicbrainz_release_group"":""4b2186f5-ff00-3227-ae11-783ba93e1089"",""musicbrainz_series"":""6a4b53b9-2756-4afe-93f2-306039d41910""}"
330,Aftermath,The Rolling Stones,1966,https://coverartarchive.org/release-group/26987c39-5914-483b-a897-d43ce6aad9b1/front-500,,https://music.apple.com/us/album/aftermath-uk/1440769047,"{""musicbrainz_release_group"":""26987c39-5914-483b-a897-d43ce6aad9b1"",""musicbrainz_series"":""6a4b53b9-2756-4afe-93f2-306039d41910""}"
331,Like a Prayer,Madonna,1989,https://coverartarchive.org/release-group/1f75a8df-176c-3d23-8f1f-b0c8935682ec/front-500,,https://music.apple.com/us/album/like-a-prayer/83448003,"{""musicbrainz_release_group"":""1f75a8df-176c-3d23-8f1f-b0c8935682ec"",""musicbrainz_series"":""6a4b53b9-2756-4afe-93f2-306039d41910""}"
332,Elvis Presley,Elvis Presley,1956,https://coverartarchive.org/release-group/2ebeec96-6ef7-3d4d-943c-0b4a2af1d7cc/front-500,,https://music.apple.com/us/album/elvis-presley/671019373,"{""musicbrainz_release_group"":""2ebeec96-6ef7-3d4d-943c-0b4a2af1d7cc"",""musicbrainz_series"":""6a4b53b9-2756-4afe-93f2-306039d41910""}"
333,Still Bill,Bill Withers,1972,https://coverartarchive.org/release-group/63544e97-de86-3096-8702-250590ae5f90/front-500,,https://music.apple.com/us/album/still-bill/989376986,"{""musicbrainz_release_group"":""63544e97-de86-3096-8702-250590ae5f90"",""musicbrainz_series"":""6a4b53b9-2756-4afe-93f2-306039d41910""}"
334,Abraxas,Santana,1970,https://coverartarchive.org/release-group/43424c73-fc58-36b0-b9cf-f8b057ac0603/front-500,,https://music.apple.com/us/album/abraxas/871146591,"{""musicbrainz_release_group"":""43424c73-fc58-36b0-b9cf-f8b057ac0603"",""musicbrainz_series"":""6a4b53b9-2756-4afe-93f2-306039d41910""}"
335,The Basement Tapes,Bob Dylan & The Band,1975,https://coverartarchive.org/release-group/47873729-6db0-3431-99e7-0292e939dadf/front-500,,https://music.apple.com/us/album/the-basement-tapes/309065794,"{""musicbrainz_release_group"":""47873729-6db0-3431-99e7-0292e939dadf"",""musicbrainz_series"":""6a4b53b9-2756-4afe-93f2-306039d41910""}"
336,Avalon,Roxy Music,1982,https://coverartarchive.org/release-group/4b51d75c-ca0e-3ea7-9950-639eda1f7d1a/front-500,,https://music.apple.com/us/album/avalon/723875837,"{""musicbrainz_release_group"":""4b51d75c-ca0e-3ea7-9950-639eda1f7d1a"",""musicbrainz_series"":""6a4b53b9-2756-4afe-93f2-306039d41910""}"
337,John Wesley Harding,Bob Dylan,1967,https://coverartarchive.org/release-group/32981714-597a-32dd-9f29-b2f7566fed89/front-500,,https://music.apple.com/us/album/john-wesley-harding/181457097,"{""musicbrainz_release_group"":""32981714-597a-32dd-9f29-b2f7566fed89"",""musicbrainz_series"":""6a4b53b9-2756-4afe-93f2-306039d41910""}"
338,Another Green World,Eno,1975,https://coverartarchive.org/release-group/7d5a684e-73a3-325c-a59c-34c9a941d8d6/front-500,,https://music.apple.com/us/album/another-green-world/724357753,"{""musicbrainz_release_group"":""7d5a684e-73a3-325c-a59c-34c9a941d8d6"",""musicbrainz_series"":""6a4b53b9-2756-4afe-93f2-306039d41910""}"
339,Rhythm Nation 1814,Janet Jackson,1989,https://coverartarchive.org/release-group/20aaac17-e4e8-373c-99cc-211321b82832/front-500,,https://music.apple.com/us/album/rhythm-nation-1814/1440838561,"{""musicbrainz_release_group"":""20aaac17-e4e8-373c-99cc-211321b82832"",""musicbrainz_series"":""6a4b53b9-2756-4afe-93f2-306039d41910""}"
340,Doggystyle,Snoop Doggy Dogg,1993,https://coverartarchive.org/release-group/649762c9-8785-3d9c-803d-2f0496f168e5/front-500,,,"{""musicbrainz_release_group"":""649762c9-8785-3d9c-803d-2f0496f168e5"",""musicbrainz_series"":""6a4b53b9-2756-4afe-93f2-306039d41910""}"
341,Siamese Dream,Smashing Pumpkins,1993,https://coverartarchive.org/release-group/a159e102-18bb-42ca-a59e-5f96a7eff241/front-500,,,"{""musicbrainz_release_group"":""a159e102-18bb-42ca-a59e-5f96a7eff241"",""musicbrainz_series"":""6a4b53b9-2756-4afe-93f2-306039d41910""}"
342,Let It Be,The Beatles,1970,https://coverartarchive.org/release-group/bff544a7-56e0-3ed6-9e0f-3b676cca9111/front-500,,https://music.apple.com/us/album/let-it-be/1441164495,"{""musicbrainz_release_group"":""bff544a7-56e0-3ed6-9e0f-3b676cca9111"",""musicbrainz_series"":""6a4b53b9-2756-4afe-93f2-306039d41910""}"
343,Greatest Hits,Sly & the Family Stone,1970,https://coverartarchive.org/release-group/320b576b-aa9c-3c5e-8631-178e81841866/front-500,,https://music.apple.com/us/album/greatest-hits/212579326,"{""musicbrainz_release_group"":""320b576b-aa9c-3c5e-8631-178e81841866"",""musicbrainz_series"":""6a4b53b9-2756-4afe-93f2-306039d41910""}"
344,Funky Kingston,Toots & The Maytals,1973,https://coverartarchive.org/release-group/dc7f2fc9-19ff-33e9-aa0d-3c81f91ca633/front-500,,https://music.apple.com/us/album/funky-kingston/1442853033,"{""musicbrainz_release_group"":""dc7f2fc9-19ff-33e9-aa0d-3c81f91ca633"",""musicbrainz_series"":""6a4b53b9-2756-4afe-93f2-306039d41910""}"
345,"The Wild, the Innocent & The E Street Shuffle",Bruce Springsteen,1973,https://coverartarchive.org/release-group/4b443e66-52a7-3cc9-a522-0dc64a6a51dc/front-500,,https://music.apple.com/us/album/the-wild-the-innocent-the-e-street-shuffle/186149850,"{""musicbrainz_release_group"":""4b443e66-52a7-3cc9-a522-0dc64a6a51dc"",""musicbrainz_series"":""6a4b53b9-2756-4afe-93f2-306039d41910""}"
346,AM,Arctic Monkeys,2013,https://coverartarchive.org/release-group/a348ba2f-f8b3-4686-b928-e63d8d94d543/front-500,,https://music.apple.com/us/album/am/663097964,"{""musicbrainz_release_group"":""a348ba2f-f8b3-4686-b928-e63d8d94d543"",""musicbrainz_series"":""6a4b53b9-2756-4afe-93f2-306039d41910""}"
347,Liquid Swords,Genius/GZA,1995,https://coverartarchive.org/release-group/6075a004-e983-3a00-8a13-50af32f0e200/front-500,,,"{""musicbrainz_release_group"":""6075a004-e983-3a00-8a13-50af32f0e200"",""musicbrainz_series"":""6a4b53b9-2756-4afe-93f2-306039d41910""}"
348,Time (The Revelator),Gillian Welch,2001,https://coverartarchive.org/release-group/4f9a9d35-b16d-3b7b-80d0-32b29683633f/front-500,,,"{""musicbrainz_release_group"":""4f9a9d35-b16d-3b7b-80d0-32b29683633f"",""musicbrainz_series"":""6a4b53b9-2756-4afe-93f2-306039d41910""}"
349,Kick Out the Jams,MC5,1969,https://coverartarchive.org/release-group/44410403-45d3-30fa-ba48-d16664bf6fb3/front-500,,https://music.apple.com/us/album/kick-out-the-jams/1217391804,"{""musicbrainz_release_group"":""44410403-45d3-30fa-ba48-d16664bf6fb3"",""musicbrainz_series"":""6a4b53b9-2756-4afe-93f2-306039d41910""}"
350,Music of My Mind,Stevie Wonder,1972,https://coverartarchive.org/release-group/5a253b10-e9f8-334c-b343-7f14e92402c2/front-500,,https://music.apple.com/us/album/music-of-my-mind/1440858437,"{""musicbrainz_release_group"":""5a253b10-e9f8-334c-b343-7f14e92402c2"",""musicbrainz_series"":""6a4b53b9-2756-4afe-93f2-306039d41910""}"
351,For Your Pleasure,Roxy Music,1973,https://coverartarchive.org/release-group/72fd9993-17b8-3402-9f8d-c39cb3d2c27e/front-500,,https://music.apple.com/us/album/for-your-pleasure/724399564,"{""musicbrainz_release_group"":""72fd9993-17b8-3402-9f8d-c39cb3d2c27e"",""musicbrainz_series"":""6a4b53b9-2756-4afe-93f2-306039d41910""}"
352,The Slim Shady LP,Eminem,1999,https://coverartarchive.org/release-group/be725de4-4633-3c8a-9a03-f2c4392b6e0d/front-500,,,"{""musicbrainz_release_group"":""be725de4-4633-3c8a-9a03-f2c4392b6e0d"",""musicbrainz_series"":""6a4b53b9-2756-4afe-93f2-306039d41910""}"
353,The Cars,The Cars,1978,https://coverartarchive.org/release-group/36172f3d-9b55-37f1-9fd4-0cbd2f3af0ce/front-500,,https://music.apple.com/us/album/the-cars/1088527349,"{""musicbrainz_release_group"":""36172f3d-9b55-37f1-9fd4-0cbd2f3af0ce"",""musicbrainz_series"":""6a4b53b9-2756-4afe-93f2-306039d41910""}"
354,Germfree Adolescents,X‐Ray Spex,1978,https://coverartarchive.org/release-group/02c1c972-b5a1-3b8f-be3f-83dfb9373def/front-500,,,"{""musicbrainz_release_group"":""02c1c972-b5a1-3b8f-be3f-83dfb9373def"",""musicbrainz_series"":""6a4b53b9-2756-4afe-93f2-306039d41910""}"
355,Black Sabbath,Black Sabbath,1970,https://coverartarchive.org/release-group/826c9743-a3f0-3479-bf06-8df2e140ef1d/front-500,,https://music.apple.com/us/album/black-sabbath/787645011,"{""musicbrainz_release_group"":""826c9743-a3f0-3479-bf06-8df2e140ef1d"",""musicbrainz_series"":""6a4b53b9-2756-4afe-93f2-306039d41910""}"
356,Gris-Gris,"Dr. John, the Night Tripper",1968,https://coverartarchive.org/release-group/8ceb6d06-3a60-37eb-81de-9cc8fe538e16/front-500,,https://music.apple.com/us/album/gris-gris/106225386,"{""musicbrainz_release_group"":""8ceb6d06-3a60-37eb-81de-9cc8fe538e16"",""musicbrainz_series"":""6a4b53b9-2756-4afe-93f2-306039d41910""}"
357,Rain Dogs,Tom Waits,1985,https://coverartarchive.org/release-group/fb25a883-2270-3ec4-8c62-85c7ed857e6f/front-500,,https://music.apple.com/us/album/rain-dogs-2023-remaster/1695046955,"{""musicbrainz_release_group"":""fb25a883-2270-3ec4-8c62-85c7ed857e6f"",""musicbrainz_series"":""6a4b53b9-2756-4afe-93f2-306039d41910""}"
358,Goo,Sonic Youth,1990,https://coverartarchive.org/release-group/8114542a-d659-3b5f-a11f-cf86ed7fa84d/front-500,,https://music.apple.com/us/album/goo/1440838993,"{""musicbrainz_release_group"":""8114542a-d659-3b5f-a11f-cf86ed7fa84d"",""musicbrainz_series"":""6a4b53b9-2756-4afe-93f2-306039d41910""}"
359,Radio City,Big Star,1974,https://coverartarchive.org/release-group/dea0867d-45d1-3366-8147-1b78f924a137/front-500,,https://music.apple.com/us/album/radio-city/1442997142,"{""musicbrainz_release_group"":""dea0867d-45d1-3366-8147-1b78f924a137"",""musicbrainz_series"":""6a4b53b9-2756-4afe-93f2-306039d41910""}"
360,One Nation Under a Groove,Funkadelic,1978,https://coverartarchive.org/release-group/9d084107-b712-3599-ab62-ac76fe3756b5/front-500,,,"{""musicbrainz_release_group"":""9d084107-b712-3599-ab62-ac76fe3756b5"",""musicbrainz_series"":""6a4b53b9-2756-4afe-93f2-306039d41910""}"
361,The Black Parade,My Chemical Romance,2006,https://coverartarchive.org/release-group/bcba43e7-2f72-3b60-b234-577e77fd2d9e/front-500,,https://music.apple.com/us/album/the-black-parade/209388277,"{""musicbrainz_release_group"":""bcba43e7-2f72-3b60-b234-577e77fd2d9e"",""musicbrainz_series"":""6a4b53b9-2756-4afe-93f2-306039d41910""}"
362,Never Too Much,Luther Vandross,1981,https://coverartarchive.org/release-group/6e49186d-ce5c-3686-86cd-021f0ce1eda3/front-500,,https://music.apple.com/us/album/never-too-much/190652453,"{""musicbrainz_release_group"":""6e49186d-ce5c-3686-86cd-021f0ce1eda3"",""musicbrainz_series"":""6a4b53b9-2756-4afe-93f2-306039d41910""}"
363,Mothership Connection,Parliament,1975,https://coverartarchive.org/release-group/cb69bfc6-a15c-34cd-b1af-76b6481bf09a/front-500,,https://music.apple.com/us/album/mothership-connection/1440837684,"{""musicbrainz_release_group"":""cb69bfc6-a15c-34cd-b1af-76b6481bf09a"",""musicbrainz_series"":""6a4b53b9-2756-4afe-93f2-306039d41910""}"
364,More Songs About Buildings and Food,Talking Heads,1978,https://coverartarchive.org/release-group/2cecb2c0-cac3-3c55-8083-577308746230/front-500,,https://music.apple.com/us/album/more-songs-about-buildings-and-food/302108628,"{""musicbrainz_release_group"":""2cecb2c0-cac3-3c55-8083-577308746230"",""musicbrainz_series"":""6a4b53b9-2756-4afe-93f2-306039d41910""}"
365,Madvillainy,Madvillain,2002,https://coverartarchive.org/release-group/ab570ccb-b06b-3746-8147-4903163ba895/front-500,,https://music.apple.com/us/album/madvillainy-instrumentals/41655332,"{""musicbrainz_release_group"":""ab570ccb-b06b-3746-8147-4903163ba895"",""musicbrainz_series"":""6a4b53b9-2756-4afe-93f2-306039d41910""}"
366,Rocks,Aerosmith,1976,https://coverartarchive.org/release-group/775d9a2d-effc-35c8-b80a-f9a4e4206d27/front-500,,https://music.apple.com/us/album/rocks/1658654048,"{""musicbrainz_release_group"":""775d9a2d-effc-35c8-b80a-f9a4e4206d27"",""musicbrainz_series"":""6a4b53b9-2756-4afe-93f2-306039d41910""}"
367,If You’re Reading This It’s Too Late,Drake,2015,https://coverartarchive.org/release-group/68d79778-aceb-486c-88a7-0abb3665344b/front-500,,https://music.apple.com/us/album/if-youre-reading-this-its-too-late/1440830885,"{""musicbrainz_release_group"":""68d79778-aceb-486c-88a7-0abb3665344b"",""musicbrainz_series"":""6a4b53b9-2756-4afe-93f2-306039d41910""}"
368,All Things Must Pass,George Harrison,1970,https://coverartarchive.org/release-group/d4b0f3e2-e3eb-3531-b305-ed8105cb5be4/front-500,,https://music.apple.com/us/album/all-things-must-pass-50th-anniversary/1666662415,"{""musicbrainz_release_group"":""d4b0f3e2-e3eb-3531-b305-ed8105cb5be4"",""musicbrainz_series"":""6a4b53b9-2756-4afe-93f2-306039d41910""}"
369,The Infamous…,Mobb Deep,1995,https://coverartarchive.org/release-group/03f3c216-bd40-322b-ac8a-254816ff5573/front-500,,,"{""musicbrainz_release_group"":""03f3c216-bd40-322b-ac8a-254816ff5573"",""musicbrainz_series"":""6a4b53b9-2756-4afe-93f2-306039d41910""}"
370,Tha Carter II,Lil Wayne,2005,https://coverartarchive.org/release-group/d97d9f3b-3dc1-3330-a240-b84b74e62044/front-500,,https://music.apple.com/us/album/tha-carter-ii/1443918957,"{""musicbrainz_release_group"":""d97d9f3b-3dc1-3330-a240-b84b74e62044"",""musicbrainz_series"":""6a4b53b9-2756-4afe-93f2-306039d41910""}"
371,Anthology,The Temptations,1973,https://coverartarchive.org/release-group/1df9d775-7593-4e0a-bb55-3035948de6c5/front-500,,,"{""musicbrainz_release_group"":""1df9d775-7593-4e0a-bb55-3035948de6c5"",""musicbrainz_series"":""6a4b53b9-2756-4afe-93f2-306039d41910""}"
372,Cheap Thrills,Big Brother & the Holding Company,1968,https://coverartarchive.org/release-group/02de8887-e93b-3ea6-8b6d-de072a159bba/front-500,,https://music.apple.com/us/album/cheap-thrills/203773381,"{""musicbrainz_release_group"":""02de8887-e93b-3ea6-8b6d-de072a159bba"",""musicbrainz_series"":""6a4b53b9-2756-4afe-93f2-306039d41910""}"
373,Hot Buttered Soul,Isaac Hayes,1969,https://coverartarchive.org/release-group/e76d4f75-f09b-3f5b-aca9-44ac4489e58d/front-500,,https://music.apple.com/us/album/hot-buttered-soul/1440941776,"{""musicbrainz_release_group"":""e76d4f75-f09b-3f5b-aca9-44ac4489e58d"",""musicbrainz_series"":""6a4b53b9-2756-4afe-93f2-306039d41910""}"
374,King of the Delta Blues Singers,Robert Johnson,1961,https://coverartarchive.org/release-group/2609603b-cd7d-3ccf-aa58-94c38defac2c/front-500,,https://music.apple.com/us/album/king-of-the-delta-blues-singers/157432232,"{""musicbrainz_release_group"":""2609603b-cd7d-3ccf-aa58-94c38defac2c"",""musicbrainz_series"":""6a4b53b9-2756-4afe-93f2-306039d41910""}"
375,Dookie,Green Day,1994,https://coverartarchive.org/release-group/314cffd4-daa5-3337-85e5-e54165a96113/front-500,,,"{""musicbrainz_release_group"":""314cffd4-daa5-3337-85e5-e54165a96113"",""musicbrainz_series"":""6a4b53b9-2756-4afe-93f2-306039d41910""}"
376,In the Aeroplane Over the Sea,Neutral Milk Hotel,1998,https://coverartarchive.org/release-group/8f310800-045b-3e12-8268-50b3d33a2267/front-500,,https://music.apple.com/us/album/in-the-aeroplane-over-the-sea/1839077554,"{""musicbrainz_release_group"":""8f310800-045b-3e12-8268-50b3d33a2267"",""musicbrainz_series"":""6a4b53b9-2756-4afe-93f2-306039d41910""}"
377,Fever to Tell,Yeah Yeah Yeahs,2003,https://coverartarchive.org/release-group/e8e2d824-dd32-3b24-9c7c-24619fbe86a9/front-500,,,"{""musicbrainz_release_group"":""e8e2d824-dd32-3b24-9c7c-24619fbe86a9"",""musicbrainz_series"":""6a4b53b9-2756-4afe-93f2-306039d41910""}"
378,Run‐D.M.C.,Run‐D.M.C.,1984,https://coverartarchive.org/release-group/eec6f4a7-b992-34df-8984-af0fe00550e0/front-500,,https://music.apple.com/us/album/run-d-m-c/256097651,"{""musicbrainz_release_group"":""eec6f4a7-b992-34df-8984-af0fe00550e0"",""musicbrainz_series"":""6a4b53b9-2756-4afe-93f2-306039d41910""}"
379,Moving Pictures,Rush,1981,https://coverartarchive.org/release-group/40e30dc1-55ac-33e1-85d3-1f1508140bfc/front-500,,https://music.apple.com/us/album/moving-pictures-remastered/1440798539,"{""musicbrainz_release_group"":""40e30dc1-55ac-33e1-85d3-1f1508140bfc"",""musicbrainz_series"":""6a4b53b9-2756-4afe-93f2-306039d41910""}"
380,Mingus Ah Um,Charles Mingus,1959,https://coverartarchive.org/release-group/48ec720b-2fc2-35dd-8130-5b186c4abcbc/front-500,,https://music.apple.com/us/album/mingus-ah-um/636353127,"{""musicbrainz_release_group"":""48ec720b-2fc2-35dd-8130-5b186c4abcbc"",""musicbrainz_series"":""6a4b53b9-2756-4afe-93f2-306039d41910""}"
381,(pronounced ’lĕh-’nérd ’skin-’nérd),Lynyrd Skynyrd,1973,https://coverartarchive.org/release-group/33446893-8c9f-30b6-aa73-d719df371430/front-500,,https://music.apple.com/us/album/pronounced-leh-nerd-skin-nerd/1440838012,"{""musicbrainz_release_group"":""33446893-8c9f-30b6-aa73-d719df371430"",""musicbrainz_series"":""6a4b53b9-2756-4afe-93f2-306039d41910""}"
382,Currents,Tame Impala,2015,https://coverartarchive.org/release-group/08aa7a6c-3e43-4459-87b2-e47faf3a088a/front-500,,https://music.apple.com/us/album/currents-b-sides-remixes-ep/1440875696,"{""musicbrainz_release_group"":""08aa7a6c-3e43-4459-87b2-e47faf3a088a"",""musicbrainz_series"":""6a4b53b9-2756-4afe-93f2-306039d41910""}"
383,Mezzanine,Massive Attack,1998,https://coverartarchive.org/release-group/6f9f6899-c0d3-311d-ae87-a10ae6bc53a9/front-500,,https://music.apple.com/us/album/mezzanine/724466069,"{""musicbrainz_release_group"":""6f9f6899-c0d3-311d-ae87-a10ae6bc53a9"",""musicbrainz_series"":""6a4b53b9-2756-4afe-93f2-306039d41910""}"
384,The Kinks Are the Village Green Preservation Society,The Kinks,1968,https://coverartarchive.org/release-group/4516a30e-939c-3b2b-a8ea-f94ae418d3a6/front-500,,https://music.apple.com/us/album/the-kinks-are-the-village-green-preservation/1415003287,"{""musicbrainz_release_group"":""4516a30e-939c-3b2b-a8ea-f94ae418d3a6"",""musicbrainz_series"":""6a4b53b9-2756-4afe-93f2-306039d41910""}"
385,Rocket to Russia,Ramones,1977,https://coverartarchive.org/release-group/dd959091-dba1-32b8-8159-0090959ce75b/front-500,,https://music.apple.com/us/album/rocket-to-russia/847962534,"{""musicbrainz_release_group"":""dd959091-dba1-32b8-8159-0090959ce75b"",""musicbrainz_series"":""6a4b53b9-2756-4afe-93f2-306039d41910""}"
386,Donuts,J Dilla,2006,https://coverartarchive.org/release-group/6b78c33a-64c4-3472-99e9-be45a392acb4/front-500,,https://music.apple.com/us/album/donuts/108233171,"{""musicbrainz_release_group"":""6b78c33a-64c4-3472-99e9-be45a392acb4"",""musicbrainz_series"":""6a4b53b9-2756-4afe-93f2-306039d41910""}"
387,In Rainbows,Radiohead,2007,https://coverartarchive.org/release-group/6e335887-60ba-38f0-95af-fae7774336bf/front-500,,https://music.apple.com/us/album/in-rainbows/1109714933,"{""musicbrainz_release_group"":""6e335887-60ba-38f0-95af-fae7774336bf"",""musicbrainz_series"":""6a4b53b9-2756-4afe-93f2-306039d41910""}"
388,"Young, Gifted and Black",Aretha Franklin,1972,https://coverartarchive.org/release-group/f62ec525-7158-37c1-8535-6eaac62435b3/front-500,,https://music.apple.com/us/album/young-gifted-and-black/934216863,"{""musicbrainz_release_group"":""f62ec525-7158-37c1-8535-6eaac62435b3"",""musicbrainz_series"":""6a4b53b9-2756-4afe-93f2-306039d41910""}"
389,The Emancipation of Mimi,Mariah Carey,2005,https://coverartarchive.org/release-group/2391debf-38aa-3a90-888e-51f857131e98/front-500,,https://music.apple.com/us/album/the-emancipation-of-mimi/1476731879,"{""musicbrainz_release_group"":""2391debf-38aa-3a90-888e-51f857131e98"",""musicbrainz_series"":""6a4b53b9-2756-4afe-93f2-306039d41910""}"
390,Surfer Rosa,Pixies,1988,https://coverartarchive.org/release-group/74e36cbc-a747-3ebf-a60e-51e656c87741/front-500,,,"{""musicbrainz_release_group"":""74e36cbc-a747-3ebf-a60e-51e656c87741"",""musicbrainz_series"":""6a4b53b9-2756-4afe-93f2-306039d41910""}"
391,Kaleidoscope,Kelis,1999,https://coverartarchive.org/release-group/4ea68d9e-7e06-30ea-8b29-3d8195b302c7/front-500,,,"{""musicbrainz_release_group"":""4ea68d9e-7e06-30ea-8b29-3d8195b302c7"",""musicbrainz_series"":""6a4b53b9-2756-4afe-93f2-306039d41910""}"
392,Proud Mary: The Best of Ike and Tina Turner,Ike & Tina Turner,1991,https://coverartarchive.org/release-group/c504f95d-265a-3d94-b888-9571712351ec/front-500,,https://music.apple.com/us/album/best-of-ike-tina-turner/1442257687,"{""musicbrainz_release_group"":""c504f95d-265a-3d94-b888-9571712351ec"",""musicbrainz_series"":""6a4b53b9-2756-4afe-93f2-306039d41910""}"
393,1989,Taylor Swift,2014,https://coverartarchive.org/release-group/4d9ec1c2-58ec-48a4-aa0a-916718adead0/front-500,,https://music.apple.com/us/album/1989/1440935467,"{""musicbrainz_release_group"":""4d9ec1c2-58ec-48a4-aa0a-916718adead0"",""musicbrainz_series"":""6a4b53b9-2756-4afe-93f2-306039d41910""}"
394,Diana,Diana Ross,1980,https://coverartarchive.org/release-group/fd07981b-fe56-3218-8df6-bcbe6992c96e/front-500,,https://music.apple.com/us/album/diana/1443159760,"{""musicbrainz_release_group"":""fd07981b-fe56-3218-8df6-bcbe6992c96e"",""musicbrainz_series"":""6a4b53b9-2756-4afe-93f2-306039d41910""}"
395,Black Messiah,D’Angelo and The Vanguard,2014,https://coverartarchive.org/release-group/b3d96626-4d46-4012-b6cb-e8d8b192a4f1/front-500,,,"{""musicbrainz_release_group"":""b3d96626-4d46-4012-b6cb-e8d8b192a4f1"",""musicbrainz_series"":""6a4b53b9-2756-4afe-93f2-306039d41910""}"
396,Something/Anything?,Todd Rundgren,1972,https://coverartarchive.org/release-group/edbaf38a-ba3c-3d21-981c-879fe4ac6c76/front-500,,https://music.apple.com/us/album/something-anything/1084074389,"{""musicbrainz_release_group"":""edbaf38a-ba3c-3d21-981c-879fe4ac6c76"",""musicbrainz_series"":""6a4b53b9-2756-4afe-93f2-306039d41910""}"
397,"WHEN WE ALL FALL ASLEEP, WHERE DO WE GO?",Billie Eilish,2019,https://coverartarchive.org/release-group/72375978-a9a1-4254-b957-85565c716b7e/front-500,,https://music.apple.com/us/album/when-we-all-fall-asleep-where-do-we-go/1450695723,"{""musicbrainz_release_group"":""72375978-a9a1-4254-b957-85565c716b7e"",""musicbrainz_series"":""6a4b53b9-2756-4afe-93f2-306039d41910""}"
398,The Raincoats,The Raincoats,1979,https://coverartarchive.org/release-group/044a7a01-ab8f-4781-a4de-183718abb936/front-500,,https://music.apple.com/us/album/the-raincoats/371773193,"{""musicbrainz_release_group"":""044a7a01-ab8f-4781-a4de-183718abb936"",""musicbrainz_series"":""6a4b53b9-2756-4afe-93f2-306039d41910""}"
399,SMiLE,Brian Wilson,2004,https://coverartarchive.org/release-group/7eea3a40-7c24-34f9-aa48-958edb5145c5/front-500,,https://music.apple.com/us/album/smile/29164695,"{""musicbrainz_release_group"":""7eea3a40-7c24-34f9-aa48-958edb5145c5"",""musicbrainz_series"":""6a4b53b9-2756-4afe-93f2-306039d41910""}"
400,Beauty and the Beat,Go‐Go’s,1981,https://coverartarchive.org/release-group/8b64edc9-1a59-3840-8b12-85a4e19cf48a/front-500,,https://music.apple.com/us/album/beauty-and-the-beat/1440843867,"{""musicbrainz_release_group"":""8b64edc9-1a59-3840-8b12-85a4e19cf48a"",""musicbrainz_series"":""6a4b53b9-2756-4afe-93f2-306039d41910""}"
401,Blondie,Blondie,1976,https://coverartarchive.org/release-group/e0400e1e-2dd9-3bed-9538-614998b3702c/front-500,,https://music.apple.com/us/album/blondie-bonus-tracks-edition-2001-remaster/724506061,"{""musicbrainz_release_group"":""e0400e1e-2dd9-3bed-9538-614998b3702c"",""musicbrainz_series"":""6a4b53b9-2756-4afe-93f2-306039d41910""}"
402,Expensive Shit,Fela Ransome Kuti,1975,https://coverartarchive.org/release-group/b16d9280-f25e-3648-8a8e-1141efd55669/front-500,,,"{""musicbrainz_release_group"":""b16d9280-f25e-3648-8a8e-1141efd55669"",""musicbrainz_series"":""6a4b53b9-2756-4afe-93f2-306039d41910""}"
403,Supreme Clientele,Ghostface Killah,2000,https://coverartarchive.org/release-group/e54744e2-7646-304d-abb8-2952671da3bb/front-500,,https://music.apple.com/us/album/supreme-clientele/193017131,"{""musicbrainz_release_group"":""e54744e2-7646-304d-abb8-2952671da3bb"",""musicbrainz_series"":""6a4b53b9-2756-4afe-93f2-306039d41910""}"
404,Rapture,Anita Baker,1986,https://coverartarchive.org/release-group/b544c1b2-9190-34ac-8d03-348c86a77cb2/front-500,,https://music.apple.com/us/album/rapture/1018520424,"{""musicbrainz_release_group"":""b544c1b2-9190-34ac-8d03-348c86a77cb2"",""musicbrainz_series"":""6a4b53b9-2756-4afe-93f2-306039d41910""}"
405,"Nuggets: Original Artyfacts From the First Psychedelic Era, 1965–1968",Various Artists,1972,https://coverartarchive.org/release-group/8692651e-a7df-3903-a47e-8a28bc1b492c/front-500,,https://music.apple.com/us/album/nuggets-original-artyfacts-from-the-first-psychedelic/1879506110,"{""musicbrainz_release_group"":""8692651e-a7df-3903-a47e-8a28bc1b492c"",""musicbrainz_series"":""6a4b53b9-2756-4afe-93f2-306039d41910""}"
406,69 Love Songs,The Magnetic Fields,1999,https://coverartarchive.org/release-group/5dfac852-1aed-35b2-93b6-e8f9c93fe521/front-500,,,"{""musicbrainz_release_group"":""5dfac852-1aed-35b2-93b6-e8f9c93fe521"",""musicbrainz_series"":""6a4b53b9-2756-4afe-93f2-306039d41910""}"
407,Everybody Knows This Is Nowhere,Neil Young with Crazy Horse,1969,https://coverartarchive.org/release-group/f61603ab-ef6b-386b-a5e0-aaefc00543f1/front-500,,https://music.apple.com/us/album/everybody-knows-this-is-nowhere/1015769589,"{""musicbrainz_release_group"":""f61603ab-ef6b-386b-a5e0-aaefc00543f1"",""musicbrainz_series"":""6a4b53b9-2756-4afe-93f2-306039d41910""}"
408,Ace of Spades,Motörhead,1980,https://coverartarchive.org/release-group/51d51de2-0312-4798-8529-bed2ae2581c6/front-500,,https://music.apple.com/us/album/ace-of-spades-live-at-whitla-hall-belfast-23rd/1523318408,"{""musicbrainz_release_group"":""51d51de2-0312-4798-8529-bed2ae2581c6"",""musicbrainz_series"":""6a4b53b9-2756-4afe-93f2-306039d41910""}"
409,Workingman’s Dead,Grateful Dead,1970,https://coverartarchive.org/release-group/6fdb82d8-9aee-35ed-8092-8434866bab7f/front-500,,https://music.apple.com/us/album/workingmans-dead/663696329,"{""musicbrainz_release_group"":""6fdb82d8-9aee-35ed-8092-8434866bab7f"",""musicbrainz_series"":""6a4b53b9-2756-4afe-93f2-306039d41910""}"
410,Wild Honey,The Beach Boys,1967,https://coverartarchive.org/release-group/25db75ad-e1e3-3941-85bd-291009a5f00d/front-500,,https://music.apple.com/us/album/wild-honey/1443213067,"{""musicbrainz_release_group"":""25db75ad-e1e3-3941-85bd-291009a5f00d"",""musicbrainz_series"":""6a4b53b9-2756-4afe-93f2-306039d41910""}"
411,“Love and Theft”,Bob Dylan,2001,https://coverartarchive.org/release-group/9980ffe5-c5b5-3a83-8c1e-1ec6618f97ca/front-500,,https://music.apple.com/us/album/love-and-theft/552413840,"{""musicbrainz_release_group"":""9980ffe5-c5b5-3a83-8c1e-1ec6618f97ca"",""musicbrainz_series"":""6a4b53b9-2756-4afe-93f2-306039d41910""}"
412,Going to a Go‐Go,Smokey Robinson and The Miracles,1965,https://coverartarchive.org/release-group/88762473-682d-3544-a9e7-1bb3c5dddaf1/front-500,,https://music.apple.com/us/album/going-to-a-go-go/1469577666,"{""musicbrainz_release_group"":""88762473-682d-3544-a9e7-1bb3c5dddaf1"",""musicbrainz_series"":""6a4b53b9-2756-4afe-93f2-306039d41910""}"
413,Cosmo’s Factory,Creedence Clearwater Revival,1970,https://coverartarchive.org/release-group/3a31800f-1916-3f4c-a7ae-26b783d00670/front-500,,https://music.apple.com/us/album/cosmos-factory/1440948745,"{""musicbrainz_release_group"":""3a31800f-1916-3f4c-a7ae-26b783d00670"",""musicbrainz_series"":""6a4b53b9-2756-4afe-93f2-306039d41910""}"
414,Risqué,Chic,1979,https://coverartarchive.org/release-group/baa74317-3f23-3f0b-a996-c68f52c61f13/front-500,,https://music.apple.com/us/album/risqu%C3%A9-remastered/1442986865,"{""musicbrainz_release_group"":""baa74317-3f23-3f0b-a996-c68f52c61f13"",""musicbrainz_series"":""6a4b53b9-2756-4afe-93f2-306039d41910""}"
415,Look‐Ka Py Py,The Meters,1970,https://coverartarchive.org/release-group/fb2a15ff-c773-3297-9d15-2dd4eee92e4c/front-500,,https://music.apple.com/us/album/look-ka-py-py/159362708,"{""musicbrainz_release_group"":""fb2a15ff-c773-3297-9d15-2dd4eee92e4c"",""musicbrainz_series"":""6a4b53b9-2756-4afe-93f2-306039d41910""}"
416,Things Fall Apart,The Roots,1999,https://coverartarchive.org/release-group/8f341430-85b9-3a66-875f-ed1202868393/front-500,,https://music.apple.com/us/album/things-fall-apart/1479929235,"{""musicbrainz_release_group"":""8f341430-85b9-3a66-875f-ed1202868393"",""musicbrainz_series"":""6a4b53b9-2756-4afe-93f2-306039d41910""}"
417,The Shape of Jazz to Come,Ornette Coleman,1959,https://coverartarchive.org/release-group/5879cfca-e1d0-3ef4-8014-3b284832ed18/front-500,,https://music.apple.com/us/album/the-shape-of-jazz-to-come-mono/921051612,"{""musicbrainz_release_group"":""5879cfca-e1d0-3ef4-8014-3b284832ed18"",""musicbrainz_series"":""6a4b53b9-2756-4afe-93f2-306039d41910""}"
418,Brothers in Arms,Dire Straits,1985,https://coverartarchive.org/release-group/b02f651e-32a1-30ae-bc23-070b59170278/front-500,,https://music.apple.com/us/album/brothers-in-arms/299545299,"{""musicbrainz_release_group"":""b02f651e-32a1-30ae-bc23-070b59170278"",""musicbrainz_series"":""6a4b53b9-2756-4afe-93f2-306039d41910""}"
419,Chief,Eric Church,2011,https://coverartarchive.org/release-group/979e5e4d-0c1d-46c0-9fda-fa9b6fce89a6/front-500,,https://music.apple.com/us/album/chief/721280109,"{""musicbrainz_release_group"":""979e5e4d-0c1d-46c0-9fda-fa9b6fce89a6"",""musicbrainz_series"":""6a4b53b9-2756-4afe-93f2-306039d41910""}"
420,That’s the Way of the World,"Earth, Wind & Fire",1975,https://coverartarchive.org/release-group/e9845207-8ae3-36db-b0e1-2efcdb46687d/front-500,,https://music.apple.com/us/album/thats-the-way-of-the-world/532975789,"{""musicbrainz_release_group"":""e9845207-8ae3-36db-b0e1-2efcdb46687d"",""musicbrainz_series"":""6a4b53b9-2756-4afe-93f2-306039d41910""}"
421,Arular,M.I.A.,2005,https://coverartarchive.org/release-group/32d38e25-27e8-45bc-b79b-931f5a609546/front-500,,,"{""musicbrainz_release_group"":""32d38e25-27e8-45bc-b79b-931f5a609546"",""musicbrainz_series"":""6a4b53b9-2756-4afe-93f2-306039d41910""}"
422,Let’s Get It On,Marvin Gaye,1973,https://coverartarchive.org/release-group/120c822e-3cd2-3652-975c-d687256a7931/front-500,,https://music.apple.com/us/album/lets-get-it-on-remastered-2003/1442835298,"{""musicbrainz_release_group"":""120c822e-3cd2-3652-975c-d687256a7931"",""musicbrainz_series"":""6a4b53b9-2756-4afe-93f2-306039d41910""}"
423,I Can Hear the Heart Beating as One,Yo La Tengo,1997,https://coverartarchive.org/release-group/901ddfef-b428-3022-a7b9-429f56513831/front-500,,https://music.apple.com/us/album/i-can-hear-the-heart-beating-as-one/1589242975,"{""musicbrainz_release_group"":""901ddfef-b428-3022-a7b9-429f56513831"",""musicbrainz_series"":""6a4b53b9-2756-4afe-93f2-306039d41910""}"
424,Odelay,Beck,1996,https://coverartarchive.org/release-group/df0bfd42-78a9-40c3-a45f-a12e10d446f8/front-500,,https://music.apple.com/us/album/odelay/1510827144,"{""musicbrainz_release_group"":""df0bfd42-78a9-40c3-a45f-a12e10d446f8"",""musicbrainz_series"":""6a4b53b9-2756-4afe-93f2-306039d41910""}"
425,Paul Simon,Paul Simon,1972,https://coverartarchive.org/release-group/602d0c54-2901-3469-a683-a5a50f3e5260/front-500,,https://music.apple.com/us/album/paul-simon-bonus-tracks-edition/380588824,"{""musicbrainz_release_group"":""602d0c54-2901-3469-a683-a5a50f3e5260"",""musicbrainz_series"":""6a4b53b9-2756-4afe-93f2-306039d41910""}"
426,Lucinda Williams,Lucinda Williams,1988,https://coverartarchive.org/release-group/9868b6bf-6bf5-3d62-bdb9-a312694c34f1/front-500,,https://music.apple.com/us/album/lucinda-williams-deluxe-edition/1840270927,"{""musicbrainz_release_group"":""9868b6bf-6bf5-3d62-bdb9-a312694c34f1"",""musicbrainz_series"":""6a4b53b9-2756-4afe-93f2-306039d41910""}"
427,Call Me,Al Green,1973,https://coverartarchive.org/release-group/edafb37c-f392-3765-9dbd-80616dcb2ad7/front-500,,https://music.apple.com/us/album/call-me/1196508713,"{""musicbrainz_release_group"":""edafb37c-f392-3765-9dbd-80616dcb2ad7"",""musicbrainz_series"":""6a4b53b9-2756-4afe-93f2-306039d41910""}"
428,New Day Rising,Hüsker Dü,1985,https://coverartarchive.org/release-group/5ae570d2-65c1-3da5-9a1b-dbb98ca7c3d2/front-500,,,"{""musicbrainz_release_group"":""5ae570d2-65c1-3da5-9a1b-dbb98ca7c3d2"",""musicbrainz_series"":""6a4b53b9-2756-4afe-93f2-306039d41910""}"
429,Reach Out,Four Tops,1967,https://coverartarchive.org/release-group/6fdc3cfa-7bac-3b19-aa87-94947ef40ffa/front-500,,https://music.apple.com/us/album/reach-out/1443092485,"{""musicbrainz_release_group"":""6fdc3cfa-7bac-3b19-aa87-94947ef40ffa"",""musicbrainz_series"":""6a4b53b9-2756-4afe-93f2-306039d41910""}"
430,My Aim Is True,Elvis Costello,1977,https://coverartarchive.org/release-group/c7a4740f-2729-3895-8498-08c521886a95/front-500,,https://music.apple.com/us/album/my-aim-is-true/1440840988,"{""musicbrainz_release_group"":""c7a4740f-2729-3895-8498-08c521886a95"",""musicbrainz_series"":""6a4b53b9-2756-4afe-93f2-306039d41910""}"
431,How Will the Wolf Survive?,Los Lobos,1984,https://coverartarchive.org/release-group/2478de4b-9470-311b-be17-68fb79388e89/front-500,,https://music.apple.com/us/album/how-will-the-wolf-survive/309581839,"{""musicbrainz_release_group"":""2478de4b-9470-311b-be17-68fb79388e89"",""musicbrainz_series"":""6a4b53b9-2756-4afe-93f2-306039d41910""}"
432,Confessions,Usher,2004,https://coverartarchive.org/release-group/0ee013ee-5f59-35d5-b6b8-26a0cb3e4372/front-500,,https://music.apple.com/us/album/confessions-expanded-edition/386153476,"{""musicbrainz_release_group"":""0ee013ee-5f59-35d5-b6b8-26a0cb3e4372"",""musicbrainz_series"":""6a4b53b9-2756-4afe-93f2-306039d41910""}"
433,Sound of Silver,LCD Soundsystem,2007,https://coverartarchive.org/release-group/5cbcdd9f-4b7d-3b3c-b9f2-6b0e75971157/front-500,,https://music.apple.com/us/album/sound-of-silver/742432549,"{""musicbrainz_release_group"":""5cbcdd9f-4b7d-3b3c-b9f2-6b0e75971157"",""musicbrainz_series"":""6a4b53b9-2756-4afe-93f2-306039d41910""}"
434,"Crooked Rain, Crooked Rain",Pavement,1994,https://coverartarchive.org/release-group/4f348977-6f44-39f9-b243-071927ecc6a4/front-500,,,"{""musicbrainz_release_group"":""4f348977-6f44-39f9-b243-071927ecc6a4"",""musicbrainz_series"":""6a4b53b9-2756-4afe-93f2-306039d41910""}"
435,Actually,Pet Shop Boys,1987,https://coverartarchive.org/release-group/6de9a233-13dd-30b5-ad30-61c5814774c5/front-500,,https://music.apple.com/us/album/actually-further-listening-1987-1988-deluxe-2018-remaster/1318903981,"{""musicbrainz_release_group"":""6de9a233-13dd-30b5-ad30-61c5814774c5"",""musicbrainz_series"":""6a4b53b9-2756-4afe-93f2-306039d41910""}"
436,All Eyez on Me,2Pac,1996,https://coverartarchive.org/release-group/e2621417-9236-36b4-9f9e-376c416dc4b0/front-500,,https://music.apple.com/us/album/all-eyez-on-me/1588492978,"{""musicbrainz_release_group"":""e2621417-9236-36b4-9f9e-376c416dc4b0"",""musicbrainz_series"":""6a4b53b9-2756-4afe-93f2-306039d41910""}"
437,Screamadelica,Primal Scream,1991,https://coverartarchive.org/release-group/48a1839c-f4e0-3223-831f-fc36ca6ff7cf/front-500,,https://music.apple.com/us/album/screamadelica/302077857,"{""musicbrainz_release_group"":""48a1839c-f4e0-3223-831f-fc36ca6ff7cf"",""musicbrainz_series"":""6a4b53b9-2756-4afe-93f2-306039d41910""}"
438,Parklife,Blur,1994,https://coverartarchive.org/release-group/67461c8e-d864-3910-9bf4-39e44357aac9/front-500,,https://music.apple.com/us/album/parklife/699665183,"{""musicbrainz_release_group"":""67461c8e-d864-3910-9bf4-39e44357aac9"",""musicbrainz_series"":""6a4b53b9-2756-4afe-93f2-306039d41910""}"
439,Sex Machine,James Brown,1970,https://coverartarchive.org/release-group/640919d2-e786-354d-a9d5-3151e4621cb4/front-500,,https://music.apple.com/us/album/sex-machine/1442983352,"{""musicbrainz_release_group"":""640919d2-e786-354d-a9d5-3151e4621cb4"",""musicbrainz_series"":""6a4b53b9-2756-4afe-93f2-306039d41910""}"
440,Coal Miner’s Daughter,Loretta Lynn,1970,https://coverartarchive.org/release-group/edca17e1-d696-3fc8-a22a-06d232f1f48f/front-500,,https://music.apple.com/us/album/coal-miners-daughter/1442878759,"{""musicbrainz_release_group"":""edca17e1-d696-3fc8-a22a-06d232f1f48f"",""musicbrainz_series"":""6a4b53b9-2756-4afe-93f2-306039d41910""}"
441,Blackout,Britney Spears,2007,https://coverartarchive.org/release-group/0b8e14e1-d44d-3770-8617-5c6137a444a8/front-500,,,"{""musicbrainz_release_group"":""0b8e14e1-d44d-3770-8617-5c6137a444a8"",""musicbrainz_series"":""6a4b53b9-2756-4afe-93f2-306039d41910""}"
442,Beauty Behind the Madness,The Weeknd,2015,https://coverartarchive.org/release-group/a85b8aff-fcbc-4431-95ba-d8c20bbfb77e/front-500,,https://music.apple.com/us/album/beauty-behind-the-madness/1440858094,"{""musicbrainz_release_group"":""a85b8aff-fcbc-4431-95ba-d8c20bbfb77e"",""musicbrainz_series"":""6a4b53b9-2756-4afe-93f2-306039d41910""}"
443,Scary Monsters… and Super Creeps,David Bowie,1980,https://coverartarchive.org/release-group/bb13cb45-254c-3a61-89a5-15d22a97e6d6/front-500,,https://music.apple.com/us/album/scary-monsters-and-super-creeps-2017-remaster/1347896167,"{""musicbrainz_release_group"":""bb13cb45-254c-3a61-89a5-15d22a97e6d6"",""musicbrainz_series"":""6a4b53b9-2756-4afe-93f2-306039d41910""}"
444,Extraordinary Machine,Fiona Apple,2005,https://coverartarchive.org/release-group/81c98a74-56ba-355e-8d63-83e12a63dace/front-500,,https://music.apple.com/us/album/extraordinary-machine/153432152,"{""musicbrainz_release_group"":""81c98a74-56ba-355e-8d63-83e12a63dace"",""musicbrainz_series"":""6a4b53b9-2756-4afe-93f2-306039d41910""}"
445,Close to the Edge,Yes,1972,https://coverartarchive.org/release-group/5a59b948-1961-32ff-80d9-e970c7d4ebe9/front-500,,https://music.apple.com/us/album/close-to-the-edge/1049014094,"{""musicbrainz_release_group"":""5a59b948-1961-32ff-80d9-e970c7d4ebe9"",""musicbrainz_series"":""6a4b53b9-2756-4afe-93f2-306039d41910""}"
446,Journey in Satchidananda,Alice Coltrane featuring Pharoah Sanders,1971,https://coverartarchive.org/release-group/cf154081-2678-3778-95cf-cd31c4ea5dfe/front-500,,https://music.apple.com/us/album/journey-in-satchidananda/1440719294,"{""musicbrainz_release_group"":""cf154081-2678-3778-95cf-cd31c4ea5dfe"",""musicbrainz_series"":""6a4b53b9-2756-4afe-93f2-306039d41910""}"
447,X 100PRE,Bad Bunny,2018,https://coverartarchive.org/release-group/68f8c63d-3e54-4f26-8ce3-41a7bc1ca7fd/front-500,,,"{""musicbrainz_release_group"":""68f8c63d-3e54-4f26-8ce3-41a7bc1ca7fd"",""musicbrainz_series"":""6a4b53b9-2756-4afe-93f2-306039d41910""}"
448,Complete & Unbelievable: The Otis Redding Dictionary of Soul,Otis Redding,1966,https://coverartarchive.org/release-group/aeea2d91-3d98-389e-92fc-ff0db34762be/front-500,,https://music.apple.com/us/album/complete-unbelievable-the-otis-redding-dictionary-of-soul/995810706,"{""musicbrainz_release_group"":""aeea2d91-3d98-389e-92fc-ff0db34762be"",""musicbrainz_series"":""6a4b53b9-2756-4afe-93f2-306039d41910""}"
449,Elephant,The White Stripes,2003,https://coverartarchive.org/release-group/d85b9684-4277-3565-b89b-115c8b4b7fd3/front-500,,https://music.apple.com/us/album/elephant/1533513536,"{""musicbrainz_release_group"":""d85b9684-4277-3565-b89b-115c8b4b7fd3"",""musicbrainz_series"":""6a4b53b9-2756-4afe-93f2-306039d41910""}"
450,RAM,Paul & Linda McCartney,1971,https://coverartarchive.org/release-group/434d4068-8404-359a-9585-3376d3d1680d/front-500,,https://music.apple.com/us/album/ram/1823063486,"{""musicbrainz_release_group"":""434d4068-8404-359a-9585-3376d3d1680d"",""musicbrainz_series"":""6a4b53b9-2756-4afe-93f2-306039d41910""}"
451,First Take,Roberta Flack,1969,https://coverartarchive.org/release-group/4455c04d-9368-4dc5-b35d-6ff8c407921f/front-500,,https://music.apple.com/us/album/first-take/355178034,"{""musicbrainz_release_group"":""4455c04d-9368-4dc5-b35d-6ff8c407921f"",""musicbrainz_series"":""6a4b53b9-2756-4afe-93f2-306039d41910""}"
452,Anthology,Diana Ross & The Supremes,1974,https://coverartarchive.org/release-group/3fb673f7-3ced-4d78-8a05-0c550d1db6b0/front-500,,https://music.apple.com/us/album/anthology/1434895644,"{""musicbrainz_release_group"":""3fb673f7-3ced-4d78-8a05-0c550d1db6b0"",""musicbrainz_series"":""6a4b53b9-2756-4afe-93f2-306039d41910""}"
453,Pretty Hate Machine,Nine Inch Nails,1989,https://coverartarchive.org/release-group/fcb872a2-7ef9-3ed0-bd4a-7c55c78179b6/front-500,,,"{""musicbrainz_release_group"":""fcb872a2-7ef9-3ed0-bd4a-7c55c78179b6"",""musicbrainz_series"":""6a4b53b9-2756-4afe-93f2-306039d41910""}"
454,Ege Bamyası,Can,1972,https://coverartarchive.org/release-group/a4b405a6-0577-3b77-b46d-06af1b98fbd2/front-500,,https://music.apple.com/us/album/ege-bamyasi-remastered/826494403,"{""musicbrainz_release_group"":""a4b405a6-0577-3b77-b46d-06af1b98fbd2"",""musicbrainz_series"":""6a4b53b9-2756-4afe-93f2-306039d41910""}"
455,Bo Diddley / Go Bo Diddley,Bo Diddley,1986,https://coverartarchive.org/release-group/8dfbac86-ac5f-320a-8fea-2c4f41f98af9/front-500,,https://music.apple.com/us/album/go-bo-diddley/1449758009,"{""musicbrainz_release_group"":""8dfbac86-ac5f-320a-8fea-2c4f41f98af9"",""musicbrainz_series"":""6a4b53b9-2756-4afe-93f2-306039d41910""}"
456,Greatest Hits,Al Green,1975,https://coverartarchive.org/release-group/9421508e-362a-38e8-ba54-658513768862/front-500,,https://music.apple.com/us/album/greatest-hits/1203896404,"{""musicbrainz_release_group"":""9421508e-362a-38e8-ba54-658513768862"",""musicbrainz_series"":""6a4b53b9-2756-4afe-93f2-306039d41910""}"
457,I Do Not Want What I Haven’t Got,Sinéad O’Connor,1990,https://coverartarchive.org/release-group/9747bcfe-7c42-35ac-8c3e-7ecac9f1227b/front-500,,https://music.apple.com/us/album/i-do-not-want-what-i-havent-got/1629185300,"{""musicbrainz_release_group"":""9747bcfe-7c42-35ac-8c3e-7ecac9f1227b"",""musicbrainz_series"":""6a4b53b9-2756-4afe-93f2-306039d41910""}"
458,Southeastern,Jason Isbell,2013,https://coverartarchive.org/release-group/47e4fe0d-8be7-4bdc-b5e7-5b0409ed6afc/front-500,,,"{""musicbrainz_release_group"":""47e4fe0d-8be7-4bdc-b5e7-5b0409ed6afc"",""musicbrainz_series"":""6a4b53b9-2756-4afe-93f2-306039d41910""}"
459,Man on the Moon: The End of Day,Kid Cudi,2009,https://coverartarchive.org/release-group/1b4bb003-db4c-4858-84ec-817aaca09501/front-500,,https://music.apple.com/us/album/man-on-the-moon-the-end-of-day/1443864602,"{""musicbrainz_release_group"":""1b4bb003-db4c-4858-84ec-817aaca09501"",""musicbrainz_series"":""6a4b53b9-2756-4afe-93f2-306039d41910""}"
460,Melodrama,Lorde,2017,https://coverartarchive.org/release-group/668e80e0-b35e-4471-9788-0a3d797fe42c/front-500,,https://music.apple.com/us/album/melodrama/1428764777,"{""musicbrainz_release_group"":""668e80e0-b35e-4471-9788-0a3d797fe42c"",""musicbrainz_series"":""6a4b53b9-2756-4afe-93f2-306039d41910""}"
461,"For Emma, Forever Ago",Bon Iver,2007,https://coverartarchive.org/release-group/187935b5-a0a4-3e6f-9684-48b67a5190a1/front-500,,,"{""musicbrainz_release_group"":""187935b5-a0a4-3e6f-9684-48b67a5190a1"",""musicbrainz_series"":""6a4b53b9-2756-4afe-93f2-306039d41910""}"
462,The Gilded Palace of Sin,The Flying Burrito Bros.,1969,https://coverartarchive.org/release-group/ddc45051-45c3-3cdf-b213-c30c35df8639/front-500,,https://music.apple.com/us/album/the-gilded-palace-of-sin/1440876015,"{""musicbrainz_release_group"":""ddc45051-45c3-3cdf-b213-c30c35df8639"",""musicbrainz_series"":""6a4b53b9-2756-4afe-93f2-306039d41910""}"
463,Eli and the Thirteenth Confession,Laura Nyro,1968,https://coverartarchive.org/release-group/c5410670-fce4-3139-9fab-6806d79171c5/front-500,,https://music.apple.com/us/album/eli-and-the-thirteenth-confession/251016022,"{""musicbrainz_release_group"":""c5410670-fce4-3139-9fab-6806d79171c5"",""musicbrainz_series"":""6a4b53b9-2756-4afe-93f2-306039d41910""}"
464,3+3,The Isley Brothers,1973,https://coverartarchive.org/release-group/4e71149d-e632-32f5-9d9f-83cb8d6e3757/front-500,,https://music.apple.com/us/album/3-3/1030452445,"{""musicbrainz_release_group"":""4e71149d-e632-32f5-9d9f-83cb8d6e3757"",""musicbrainz_series"":""6a4b53b9-2756-4afe-93f2-306039d41910""}"
465,The Best of the Classic Years,King Sunny Adé,2003,https://coverartarchive.org/release-group/d66265fa-f8e3-3b79-ab11-23eddd92f3ce/front-500,,https://music.apple.com/us/album/the-best-of-the-classic-years/1587789326,"{""musicbrainz_release_group"":""d66265fa-f8e3-3b79-ab11-23eddd92f3ce"",""musicbrainz_series"":""6a4b53b9-2756-4afe-93f2-306039d41910""}"
466,The Beach Boys Today!,The Beach Boys,1965,https://coverartarchive.org/release-group/2b581513-39cc-3a81-9c50-79a8dbf5c031/front-500,,https://music.apple.com/us/album/the-beach-boys-today/1443096398,"{""musicbrainz_release_group"":""2b581513-39cc-3a81-9c50-79a8dbf5c031"",""musicbrainz_series"":""6a4b53b9-2756-4afe-93f2-306039d41910""}"
467,BLACKsummers’night,Maxwell,2009,https://coverartarchive.org/release-group/65579f48-3ba4-489a-9b1a-6108925055c9/front-500,,https://music.apple.com/us/album/blacksummersnight/319362174,"{""musicbrainz_release_group"":""65579f48-3ba4-489a-9b1a-6108925055c9"",""musicbrainz_series"":""6a4b53b9-2756-4afe-93f2-306039d41910""}"
468,Some Girls,The Rolling Stones,1978,https://coverartarchive.org/release-group/b44bc358-a28f-3a1f-b07e-604910f12d37/front-500,,,"{""musicbrainz_release_group"":""b44bc358-a28f-3a1f-b07e-604910f12d37"",""musicbrainz_series"":""6a4b53b9-2756-4afe-93f2-306039d41910""}"
469,Clandestino,Manu Chao,1998,https://coverartarchive.org/release-group/24a451c9-a8f3-33f9-a4fc-5e2d00cb7816/front-500,,https://music.apple.com/us/album/clandestino/725493481,"{""musicbrainz_release_group"":""24a451c9-a8f3-33f9-a4fc-5e2d00cb7816"",""musicbrainz_series"":""6a4b53b9-2756-4afe-93f2-306039d41910""}"
470,400 Degreez,Juvenile,1998,https://coverartarchive.org/release-group/08399f8b-c114-3080-b548-7599af1ebc5c/front-500,,https://music.apple.com/us/album/400-degreez/1379047877,"{""musicbrainz_release_group"":""08399f8b-c114-3080-b548-7599af1ebc5c"",""musicbrainz_series"":""6a4b53b9-2756-4afe-93f2-306039d41910""}"
471,Surrealistic Pillow,Jefferson Airplane,1967,https://coverartarchive.org/release-group/e6440cd2-5e8e-367d-bc49-cc042b5ef524/front-500,,https://music.apple.com/us/album/surrealistic-pillow-2003-bonus-track-edition/281811707,"{""musicbrainz_release_group"":""e6440cd2-5e8e-367d-bc49-cc042b5ef524"",""musicbrainz_series"":""6a4b53b9-2756-4afe-93f2-306039d41910""}"
472,Ctrl,SZA,2017,https://coverartarchive.org/release-group/8f892c1b-0709-4cf4-9711-493892a9eb9b/front-500,,https://music.apple.com/us/album/ctrl/1239977075,"{""musicbrainz_release_group"":""8f892c1b-0709-4cf4-9711-493892a9eb9b"",""musicbrainz_series"":""6a4b53b9-2756-4afe-93f2-306039d41910""}"
473,Barrio fino,Daddy Yankee,2004,https://coverartarchive.org/release-group/5fa20be8-ea07-31bd-a915-f12a3ab8495e/front-500,,https://music.apple.com/us/album/barrio-fino-en-directo/1443760511,"{""musicbrainz_release_group"":""5fa20be8-ea07-31bd-a915-f12a3ab8495e"",""musicbrainz_series"":""6a4b53b9-2756-4afe-93f2-306039d41910""}"
474,#1 Record,Big Star,1972,https://coverartarchive.org/release-group/18ec10a7-864f-3f1b-8d68-5cb622165b20/front-500,,https://music.apple.com/us/album/1-record/1422691834,"{""musicbrainz_release_group"":""18ec10a7-864f-3f1b-8d68-5cb622165b20"",""musicbrainz_series"":""6a4b53b9-2756-4afe-93f2-306039d41910""}"
475,Sheryl Crow,Sheryl Crow,1996,https://coverartarchive.org/release-group/9d95366b-4d7b-360a-a847-19286e55f98d/front-500,,https://music.apple.com/us/album/sheryl-crow/1440920951,"{""musicbrainz_release_group"":""9d95366b-4d7b-360a-a847-19286e55f98d"",""musicbrainz_series"":""6a4b53b9-2756-4afe-93f2-306039d41910""}"
476,Kimono My House,Sparks,1974,https://coverartarchive.org/release-group/0539b843-2228-36f5-965d-f370d05f66c3/front-500,,https://music.apple.com/us/album/kimono-my-house-21st-century-edition/1443750483,"{""musicbrainz_release_group"":""0539b843-2228-36f5-965d-f370d05f66c3"",""musicbrainz_series"":""6a4b53b9-2756-4afe-93f2-306039d41910""}"
477,Moanin’ in the Moonlight,Howlin’ Wolf,1959,https://coverartarchive.org/release-group/75d0f3a2-5938-3f4d-b845-174b81eace3b/front-500,,https://music.apple.com/us/album/moanin-in-the-moonlight/1425203542,"{""musicbrainz_release_group"":""75d0f3a2-5938-3f4d-b845-174b81eace3b"",""musicbrainz_series"":""6a4b53b9-2756-4afe-93f2-306039d41910""}"
478,Something Else by The Kinks,The Kinks,1967,https://coverartarchive.org/release-group/ab0ea2d3-a273-3d7f-855b-f9930a1395cf/front-500,,https://music.apple.com/us/album/something-else-by-the-kinks/1528512217,"{""musicbrainz_release_group"":""ab0ea2d3-a273-3d7f-855b-f9930a1395cf"",""musicbrainz_series"":""6a4b53b9-2756-4afe-93f2-306039d41910""}"
479,Amor Prohibido,Selena,1994,https://coverartarchive.org/release-group/bc5e0495-4db9-3dae-9883-104d5df6b2cc/front-500,,https://music.apple.com/us/album/amor-prohibido-bonus-track-version/1703307720,"{""musicbrainz_release_group"":""bc5e0495-4db9-3dae-9883-104d5df6b2cc"",""musicbrainz_series"":""6a4b53b9-2756-4afe-93f2-306039d41910""}"
480,The Weight of These Wings,Miranda Lambert,2016,https://coverartarchive.org/release-group/6a9f6cf0-2316-46a7-b8e2-71d356ac737d/front-500,,https://music.apple.com/us/album/the-weight-of-these-wings/1166241178,"{""musicbrainz_release_group"":""6a9f6cf0-2316-46a7-b8e2-71d356ac737d"",""musicbrainz_series"":""6a4b53b9-2756-4afe-93f2-306039d41910""}"
481,If You’re Feeling Sinister,Belle and Sebastian,1996,https://coverartarchive.org/release-group/66be5deb-75d5-3737-9037-1c745891d3ec/front-500,,https://music.apple.com/us/album/if-youre-feeling-sinister/1589190376,"{""musicbrainz_release_group"":""66be5deb-75d5-3737-9037-1c745891d3ec"",""musicbrainz_series"":""6a4b53b9-2756-4afe-93f2-306039d41910""}"
482,Bizarre Ride II the Pharcyde,The Pharcyde,1992,https://coverartarchive.org/release-group/c799ef0c-f038-364b-972b-51f52d794781/front-500,,,"{""musicbrainz_release_group"":""c799ef0c-f038-364b-972b-51f52d794781"",""musicbrainz_series"":""6a4b53b9-2756-4afe-93f2-306039d41910""}"
483,The Anthology,Muddy Waters,2001,https://coverartarchive.org/release-group/43c8d4a1-0e92-3600-ba93-d75359480498/front-500,,,"{""musicbrainz_release_group"":""43c8d4a1-0e92-3600-ba93-d75359480498"",""musicbrainz_series"":""6a4b53b9-2756-4afe-93f2-306039d41910""}"
484,Born This Way,Lady Gaga,2011,https://coverartarchive.org/release-group/2e3b231b-ab9f-4d85-950a-48708a1cc2fb/front-500,,https://music.apple.com/us/album/born-this-way/1440824019,"{""musicbrainz_release_group"":""2e3b231b-ab9f-4d85-950a-48708a1cc2fb"",""musicbrainz_series"":""6a4b53b9-2756-4afe-93f2-306039d41910""}"
485,I Want to See the Bright Lights Tonight,Richard & Linda Thompson,1974,https://coverartarchive.org/release-group/b35625b1-200d-3692-b02a-08bd4f693ef8/front-500,,https://music.apple.com/us/album/i-want-to-see-the-bright-lights-tonight-remastered/1443731078,"{""musicbrainz_release_group"":""b35625b1-200d-3692-b02a-08bd4f693ef8"",""musicbrainz_series"":""6a4b53b9-2756-4afe-93f2-306039d41910""}"
486,Continuum,John Mayer,2006,https://coverartarchive.org/release-group/21e886f7-db66-3103-beb4-da9323adddc7/front-500,,https://music.apple.com/us/album/continuum/184335550,"{""musicbrainz_release_group"":""21e886f7-db66-3103-beb4-da9323adddc7"",""musicbrainz_series"":""6a4b53b9-2756-4afe-93f2-306039d41910""}"
487,Damaged,Black Flag,1981,https://coverartarchive.org/release-group/2cf40300-0f67-3136-9b84-57104f1f7a50/front-500,,,"{""musicbrainz_release_group"":""2cf40300-0f67-3136-9b84-57104f1f7a50"",""musicbrainz_series"":""6a4b53b9-2756-4afe-93f2-306039d41910""}"
488,The Stooges,The Stooges,1969,https://coverartarchive.org/release-group/18037a41-2695-3a8f-a732-f6653a7f125b/front-500,,https://music.apple.com/us/album/the-stooges/393789238,"{""musicbrainz_release_group"":""18037a41-2695-3a8f-a732-f6653a7f125b"",""musicbrainz_series"":""6a4b53b9-2756-4afe-93f2-306039d41910""}"
489,Back to Mono (1958–1969),Phil Spector,1991,https://coverartarchive.org/release-group/683391cb-533a-3b66-a072-c62e735f167d/front-500,,,"{""musicbrainz_release_group"":""683391cb-533a-3b66-a072-c62e735f167d"",""musicbrainz_series"":""6a4b53b9-2756-4afe-93f2-306039d41910""}"
490,Heart Like a Wheel,Linda Ronstadt,1974,https://coverartarchive.org/release-group/3a026caf-ae4f-3b51-9d70-bb85ba6e1e7d/front-500,,https://music.apple.com/us/album/heart-like-a-wheel-2013-remaster/1440872195,"{""musicbrainz_release_group"":""3a026caf-ae4f-3b51-9d70-bb85ba6e1e7d"",""musicbrainz_series"":""6a4b53b9-2756-4afe-93f2-306039d41910""}"
491,Fine Line,Harry Styles,2019,https://coverartarchive.org/release-group/b9990da8-7953-4e64-aea5-065ca9cd3cb7/front-500,,https://music.apple.com/us/album/fine-line/1485802965,"{""musicbrainz_release_group"":""b9990da8-7953-4e64-aea5-065ca9cd3cb7"",""musicbrainz_series"":""6a4b53b9-2756-4afe-93f2-306039d41910""}"
492,Nick of Time,Bonnie Raitt,1989,https://coverartarchive.org/release-group/182a8072-0513-3aa2-b812-9f7a9692731a/front-500,,https://music.apple.com/us/album/nick-of-time/715516713,"{""musicbrainz_release_group"":""182a8072-0513-3aa2-b812-9f7a9692731a"",""musicbrainz_series"":""6a4b53b9-2756-4afe-93f2-306039d41910""}"
493,"Here, My Dear",Marvin Gaye,1978,https://coverartarchive.org/release-group/225a6648-d4d2-3b89-986b-6e515e7a94f0/front-500,,https://music.apple.com/us/album/here-my-dear/1440850217,"{""musicbrainz_release_group"":""225a6648-d4d2-3b89-986b-6e515e7a94f0"",""musicbrainz_series"":""6a4b53b9-2756-4afe-93f2-306039d41910""}"
494,Presenting the Fabulous Ronettes Featuring Veronica,The Ronettes,1964,https://coverartarchive.org/release-group/b24ffd1d-1cbc-32bd-bf45-b76b30792b8d/front-500,,https://music.apple.com/us/album/presenting-the-fabulous-ronettes-featuring-veronica/518081279,"{""musicbrainz_release_group"":""b24ffd1d-1cbc-32bd-bf45-b76b30792b8d"",""musicbrainz_series"":""6a4b53b9-2756-4afe-93f2-306039d41910""}"
495,II,Boyz II Men,1994,https://coverartarchive.org/release-group/6eaebb45-8911-3d0b-8ef3-914726356144/front-500,,https://music.apple.com/us/album/ii/1440925670,"{""musicbrainz_release_group"":""6eaebb45-8911-3d0b-8ef3-914726356144"",""musicbrainz_series"":""6a4b53b9-2756-4afe-93f2-306039d41910""}"
496,Dónde están los ladrones?,Shakira,1998,https://coverartarchive.org/release-group/3197ee5d-696e-374f-8df3-042f1c0fd3a5/front-500,,https://music.apple.com/us/album/d%C3%B3nde-est%C3%A1n-los-ladrones/192682818,"{""musicbrainz_release_group"":""3197ee5d-696e-374f-8df3-042f1c0fd3a5"",""musicbrainz_series"":""6a4b53b9-2756-4afe-93f2-306039d41910""}"
497,The Indestructible Beat of Soweto,Various Artists,1985,https://coverartarchive.org/release-group/afa0750e-eee6-320f-845a-ad0ae891bd9b/front-500,,https://music.apple.com/us/album/the-indestructible-beat-of-soweto-volume-one/208459678,"{""musicbrainz_release_group"":""afa0750e-eee6-320f-845a-ad0ae891bd9b"",""musicbrainz_series"":""6a4b53b9-2756-4afe-93f2-306039d41910""}"
498,Suicide,Suicide,1977,https://coverartarchive.org/release-group/702d4a53-9f00-3f57-a723-e5e267518454/front-500,,https://music.apple.com/us/album/suicide/1438252159,"{""musicbrainz_release_group"":""702d4a53-9f00-3f57-a723-e5e267518454"",""musicbrainz_series"":""6a4b53b9-2756-4afe-93f2-306039d41910""}"
499,Ask Rufus,Rufus featuring Chaka Khan,1977,https://coverartarchive.org/release-group/cb6327b8-4ef5-3ca2-bbe2-260473c457cd/front-500,,https://music.apple.com/us/album/ask-rufus/1443809905,"{""musicbrainz_release_group"":""cb6327b8-4ef5-3ca2-bbe2-260473c457cd"",""musicbrainz_series"":""6a4b53b9-2756-4afe-93f2-306039d41910""}"
500,Funeral,Arcade Fire,2004,https://coverartarchive.org/release-group/05affa96-5959-32da-8d75-1c9eb985ca59/front-500,,https://music.apple.com/us/album/funeral/1249417623,"{""musicbrainz_release_group"":""05affa96-5959-32da-8d75-1c9eb985ca59"",""musicbrainz_series"":""6a4b53b9-2756-4afe-93f2-306039d41910""}"
